label, device_count, lost_devices, new_devices, different_services, services_count, txpower_count, tx_power_avg, min_txpower, max_txpower, man_packet_len_count, manufacturer_data_lengths_sum, manufacturer_data_len_avg, avg_received, min_received, max_received, avg_avg_rssi, min_avg_rssi, max_avg_rssi, min_rssi, max_rssi, avg_rssi_difference, avg_avg_difference_between_beacons, avg_difference_first_last, 0af0, 1802, 180f, 1812, 1826, 2222, ec88, fd5a, fd6f, fdd2, fddf, fe03, fe07, fe0f, fe61, fe9f, fea0, feb9, febe, fee0, ff0d, ffc0, ffe0
supermarket, 16, 2, 2, 3, 7, 52, 15, 4, 26, 54, 59, 15, 9, 2, 24, -77, -88, -51, -90, -45, 9, 11645, 67271, 0, 0, 0, 0, 0, 0, 0, 0, 5, 0, 0, 0, 0, 0, 0, 0, 1, 0, 1, 0, 0, 0, 0
supermarket, 16, 3, 2, 3, 6, 47, 15, 7, 26, 55, 59, 16, 8, 1, 23, -78, -90, -50, -90, -44, 7, 11396, 55331, 0, 0, 0, 0, 0, 0, 0, 0, 4, 0, 0, 0, 0, 0, 0, 0, 1, 0, 1, 0, 0, 0, 0
supermarket, 17, 4, 4, 3, 6, 41, 12, 4, 26, 53, 50, 17, 6, 1, 22, -78, -91, -49, -93, -45, 6, 10965, 52243, 0, 0, 0, 0, 0, 0, 0, 0, 4, 0, 0, 0, 0, 0, 0, 0, 1, 0, 1, 0, 0, 0, 0
supermarket, 17, 3, 8, 2, 6, 36, 14, 8, 26, 51, 50, 19, 6, 1, 16, -77, -90, -46, -92, -44, 6, 10872, 55069, 0, 0, 0, 0, 0, 0, 0, 0, 5, 0, 0, 0, 0, 0, 0, 0, 1, 0, 0, 0, 0, 0, 0
supermarket, 12, 4, 1, 2, 4, 32, 15, 8, 26, 40, 59, 17, 7, 1, 20, -76, -87, -46, -90, -39, 6, 13251, 52617, 0, 0, 0, 0, 0, 0, 0, 0, 3, 0, 0, 0, 0, 0, 0, 0, 1, 0, 0, 0, 0, 0, 0