label, device_count, lost_devices, new_devices, different_services, services_count, txpower_count, tx_power_avg, min_txpower, max_txpower, man_packet_len_count, manufacturer_data_lengths_sum, manufacturer_data_len_avg, avg_received, min_received, max_received, avg_avg_rssi, min_avg_rssi, max_avg_rssi, min_rssi, max_rssi, avg_rssi_difference, avg_avg_difference_between_beacons, avg_difference_first_last, 0af0, 1802, 180f, 1812, 1826, 2222, ec88, fd5a, fd6f, fdd2, fddf, fe03, fe07, fe0f, fe61, fe9f, fea0, feb9, febe, fee0, ff0d, ffc0, ffe0
supermarket, 20, 6, 4, 3, 5, 37, 10, 4, 26, 66, 59, 19, 6, 1, 23, -77, -90, -39, -90, -34, 5, 11300, 48906, 0, 0, 0, 0, 0, 0, 0, 0, 3, 0, 0, 0, 0, 0, 0, 0, 1, 0, 1, 0, 0, 0, 0
supermarket, 22, 2, 7, 3, 8, 42, 12, 7, 26, 70, 59, 18, 6, 1, 18, -78, -90, -37, -90, -34, 5, 11302, 41856, 0, 0, 0, 0, 0, 0, 0, 0, 6, 0, 0, 0, 0, 0, 0, 0, 1, 0, 1, 0, 0, 0, 0
supermarket, 17, 6, 3, 3, 7, 48, 12, 7, 26, 55, 59, 15, 7, 1, 21, -74, -91, -36, -91, -32, 7, 8960, 51490, 0, 0, 0, 0, 0, 0, 0, 0, 5, 0, 0, 0, 0, 0, 0, 0, 1, 0, 1, 0, 0, 0, 0
supermarket, 20, 1, 9, 3, 8, 40, 11, 4, 26, 52, 50, 16, 5, 1, 20, -78, -90, -42, -91, -32, 6, 9769, 40010, 0, 0, 0, 0, 0, 0, 0, 0, 6, 0, 0, 0, 0, 0, 0, 0, 1, 0, 1, 0, 0, 0, 0
supermarket, 12, 5, 1, 3, 6, 33, 11, 7, 26, 44, 50, 17, 7, 1, 23, -76, -89, -51, -90, -44, 7, 14578, 60325, 0, 0, 0, 0, 0, 0, 0, 0, 4, 0, 0, 0, 0, 0, 0, 0, 1, 0, 1, 0, 0, 0, 0