label, device_count, lost_devices, new_devices, different_services, services_count, txpower_count, tx_power_avg, min_txpower, max_txpower, man_packet_len_count, manufacturer_data_lengths_sum, manufacturer_data_len_avg, avg_received, min_received, max_received, avg_avg_rssi, min_avg_rssi, max_avg_rssi, min_rssi, max_rssi, avg_rssi_difference, avg_avg_difference_between_beacons, avg_difference_first_last, 0af0, 1802, 180f, 1812, 1826, 2222, ec88, fd5a, fd6f, fdd2, fddf, fe03, fe07, fe0f, fe61, fe9f, fea0, feb9, febe, fee0, ff0d, ffc0, ffe0
clothing_store, 25, 4, 6, 1, 7, 70, 13, 6, 26, 91, 59, 14, 7, 1, 27, -78, -90, -42, -90, -38, 6, 7633, 44929, 0, 0, 0, 0, 0, 0, 0, 0, 7, 0, 0, 0, 0, 0, 0, 0, 0, 0, 0, 0, 0, 0, 0
clothing_store, 23, 5, 6, 1, 7, 69, 13, 6, 26, 93, 67, 14, 8, 1, 26, -76, -91, -40, -91, -34, 6, 9236, 53320, 0, 0, 0, 0, 0, 0, 0, 0, 7, 0, 0, 0, 0, 0, 0, 0, 0, 0, 0, 0, 0, 0, 0
clothing_store, 22, 6, 4, 1, 7, 81, 13, 6, 26, 101, 59, 13, 9, 1, 31, -73, -88, -33, -88, -31, 6, 9448, 64637, 0, 0, 0, 0, 0, 0, 0, 0, 7, 0, 0, 0, 0, 0, 0, 0, 0, 0, 0, 0, 0, 0, 0
clothing_store, 24, 3, 8, 1, 6, 78, 13, 6, 26, 95, 59, 13, 8, 1, 24, -75, -89, -33, -91, -28, 7, 9744, 55660, 0, 0, 0, 0, 0, 0, 0, 0, 6, 0, 0, 0, 0, 0, 0, 0, 0, 0, 0, 0, 0, 0, 0
clothing_store, 19, 11, 3, 1, 4, 69, 13, 6, 26, 84, 59, 14, 8, 1, 26, -74, -89, -33, -90, -28, 7, 7980, 55256, 0, 0, 0, 0, 0, 0, 0, 0, 4, 0, 0, 0, 0, 0, 0, 0, 0, 0, 0, 0, 0, 0, 0