label, device_count, lost_devices, new_devices, different_services, services_count, txpower_count, tx_power_avg, min_txpower, max_txpower, man_packet_len_count, manufacturer_data_lengths_sum, manufacturer_data_len_avg, avg_received, min_received, max_received, avg_avg_rssi, min_avg_rssi, max_avg_rssi, min_rssi, max_rssi, avg_rssi_difference, avg_avg_difference_between_beacons, avg_difference_first_last, 0af0, 1802, 180f, 1812, 1826, 2222, ec88, fd5a, fd6f, fdd2, fddf, fe03, fe07, fe0f, fe61, fe9f, fea0, feb9, febe, fee0, ff0d, ffc0, ffe0
clothing_store, 18, 7, 1, 2, 7, 76, 14, 6, 26, 99, 59, 14, 12, 1, 25, -74, -85, -42, -89, -38, 9, 8112, 73424, 0, 0, 0, 0, 0, 0, 0, 0, 6, 0, 0, 0, 0, 0, 0, 0, 0, 0, 0, 0, 0, 0, 0
clothing_store, 24, 6, 1, 1, 8, 111, 18, 6, 26, 139, 73, 15, 7, 1, 100, -75, -88, -41, -90, -38, 8, 7532, 52409, 0, 0, 0, 0, 0, 0, 0, 0, 8, 0, 0, 0, 0, 0, 0, 0, 0, 0, 0, 0, 0, 0, 0
clothing_store, 29, 4, 8, 1, 8, 118, 17, 6, 26, 141, 73, 14, 9, 1, 91, -77, -89, -37, -90, -32, 6, 6105, 48215, 0, 0, 0, 0, 0, 0, 0, 0, 8, 0, 0, 0, 0, 0, 0, 0, 0, 0, 0, 0, 0, 0, 0
clothing_store, 25, 2, 8, 1, 10, 63, 15, 6, 26, 81, 59, 14, 6, 1, 30, -77, -89, -35, -90, -31, 5, 10367, 44043, 0, 0, 0, 0, 0, 0, 0, 0, 10, 0, 0, 0, 0, 0, 0, 0, 0, 0, 0, 0, 0, 0, 0
clothing_store, 19, 8, 2, 1, 7, 58, 15, 6, 26, 77, 59, 14, 8, 1, 29, -73, -89, -40, -91, -33, 8, 11122, 61089, 0, 0, 0, 0, 0, 0, 0, 0, 7, 0, 0, 0, 0, 0, 0, 0, 0, 0, 0, 0, 0, 0, 0