label, device_count, lost_devices, new_devices, different_services, services_count, txpower_count, tx_power_avg, min_txpower, max_txpower, man_packet_len_count, manufacturer_data_lengths_sum, manufacturer_data_len_avg, avg_received, min_received, max_received, avg_avg_rssi, min_avg_rssi, max_avg_rssi, min_rssi, max_rssi, avg_rssi_difference, avg_avg_difference_between_beacons, avg_difference_first_last, 0af0, 1802, 180f, 1812, 1826, 2222, ec88, fd5a, fd6f, fdd2, fddf, fe03, fe07, fe0f, fe61, fe9f, fea0, feb9, febe, fee0, ff0d, ffc0, ffe0
supermarket, 15, 1, 2, 2, 4, 49, 10, 8, 26, 65, 36, 9, 8, 2, 18, -77, -88, -45, -91, -40, 7, 10523, 65160, 0, 0, 0, 0, 0, 0, 0, 0, 3, 0, 0, 1, 0, 0, 0, 0, 0, 0, 0, 0, 0, 0, 0
supermarket, 14, 2, 2, 2, 5, 47, 9, 8, 12, 53, 30, 10, 8, 1, 23, -77, -90, -47, -90, -42, 6, 14458, 59283, 0, 0, 0, 0, 0, 0, 0, 0, 4, 0, 0, 1, 0, 0, 0, 0, 0, 0, 0, 0, 0, 0, 0
supermarket, 14, 3, 1, 2, 4, 50, 11, 8, 26, 57, 36, 9, 9, 1, 23, -76, -88, -45, -90, -42, 8, 8184, 58154, 0, 0, 0, 0, 0, 0, 0, 0, 3, 0, 0, 1, 0, 0, 0, 0, 0, 0, 0, 0, 0, 0, 0
supermarket, 16, 1, 3, 2, 5, 50, 12, 8, 26, 60, 36, 9, 8, 1, 19, -76, -87, -47, -91, -42, 7, 10861, 58748, 0, 0, 0, 0, 0, 0, 0, 0, 4, 0, 0, 1, 0, 0, 0, 0, 0, 0, 0, 0, 0, 0, 0
supermarket, 14, 1, 3, 2, 4, 34, 11, 8, 26, 40, 36, 9, 6, 1, 18, -78, -92, -45, -92, -44, 6, 10110, 48562, 0, 0, 0, 0, 0, 0, 0, 0, 3, 0, 0, 1, 0, 0, 0, 0, 0, 0, 0, 0, 0, 0, 0