label, device_count, lost_devices, new_devices, different_services, services_count, txpower_count, tx_power_avg, min_txpower, max_txpower, man_packet_len_count, manufacturer_data_lengths_sum, manufacturer_data_len_avg, avg_received, min_received, max_received, avg_avg_rssi, min_avg_rssi, max_avg_rssi, min_rssi, max_rssi, avg_rssi_difference, avg_avg_difference_between_beacons, avg_difference_first_last, 0af0, 1802, 180f, 1812, 1826, 2222, ec88, fd5a, fd6f, fdd2, fddf, fe03, fe07, fe0f, fe61, fe9f, fea0, feb9, febe, fee0, ff0d, ffc0, ffe0
supermarket, 14, 0, 4, 2, 6, 38, 11, 8, 26, 38, 30, 10, 6, 1, 23, -77, -91, -46, -91, -44, 4, 15780, 54827, 0, 0, 0, 0, 0, 0, 0, 0, 5, 0, 0, 1, 0, 0, 0, 0, 0, 0, 0, 0, 0, 0, 0
supermarket, 10, 3, 2, 1, 3, 38, 13, 8, 26, 38, 30, 9, 9, 1, 22, -74, -87, -52, -87, -45, 9, 7196, 56653, 0, 0, 0, 0, 0, 0, 0, 0, 3, 0, 0, 0, 0, 0, 0, 0, 0, 0, 0, 0, 0, 0, 0
supermarket, 11, 4, 1, 2, 5, 30, 12, 8, 26, 33, 36, 9, 7, 1, 20, -77, -89, -49, -90, -44, 7, 12181, 55495, 0, 0, 0, 0, 0, 0, 0, 0, 4, 0, 0, 1, 0, 0, 0, 0, 0, 0, 0, 0, 0, 0, 0
supermarket, 14, 1, 1, 2, 5, 33, 13, 8, 26, 37, 36, 9, 6, 1, 22, -78, -88, -47, -89, -43, 5, 11140, 51768, 0, 0, 0, 0, 0, 0, 0, 0, 4, 0, 0, 1, 0, 0, 0, 0, 0, 0, 0, 0, 0, 0, 0
supermarket, 14, 3, 0, 2, 4, 38, 11, 8, 26, 48, 36, 9, 7, 1, 25, -78, -89, -49, -89, -43, 7, 12083, 55608, 0, 0, 0, 0, 0, 0, 0, 0, 3, 0, 0, 1, 0, 0, 0, 0, 0, 0, 0, 0, 0, 0, 0