label, device_count, lost_devices, new_devices, different_services, services_count, txpower_count, tx_power_avg, min_txpower, max_txpower, man_packet_len_count, manufacturer_data_lengths_sum, manufacturer_data_len_avg, avg_received, min_received, max_received, avg_avg_rssi, min_avg_rssi, max_avg_rssi, min_rssi, max_rssi, avg_rssi_difference, avg_avg_difference_between_beacons, avg_difference_first_last, 0af0, 1802, 180f, 1812, 1826, 2222, ec88, fd5a, fd6f, fdd2, fddf, fe03, fe07, fe0f, fe61, fe9f, fea0, feb9, febe, fee0, ff0d, ffc0, ffe0
supermarket, 15, 1, 1, 2, 5, 50, 10, 8, 12, 87, 36, 9, 12, 1, 24, -73, -87, -48, -90, -43, 10, 7220, 66898, 0, 0, 0, 0, 0, 0, 0, 0, 4, 0, 0, 1, 0, 0, 0, 0, 0, 0, 0, 0, 0, 0, 0
supermarket, 15, 2, 0, 3, 6, 45, 10, 8, 12, 83, 44, 8, 11, 1, 20, -75, -86, -48, -89, -41, 10, 6894, 68022, 0, 0, 0, 0, 0, 0, 0, 0, 4, 0, 0, 1, 0, 0, 0, 0, 0, 0, 0, 0, 0, 0, 0
supermarket, 17, 1, 3, 3, 6, 46, 10, 8, 26, 83, 44, 8, 10, 1, 22, -75, -90, -50, -90, -44, 9, 7197, 58798, 0, 0, 0, 0, 0, 0, 0, 0, 4, 0, 0, 1, 0, 0, 0, 0, 0, 0, 0, 0, 0, 0, 0
supermarket, 15, 0, 3, 3, 5, 52, 10, 8, 12, 94, 54, 9, 13, 1, 26, -75, -90, -50, -90, -44, 12, 6625, 71816, 0, 0, 0, 0, 0, 0, 0, 0, 3, 0, 0, 1, 0, 0, 0, 0, 0, 0, 0, 0, 0, 0, 0
supermarket, 12, 1, 0, 1, 3, 33, 10, 8, 12, 57, 36, 9, 10, 5, 18, -75, -84, -49, -89, -45, 9, 8936, 73932, 0, 0, 0, 0, 0, 0, 0, 0, 3, 0, 0, 0, 0, 0, 0, 0, 0, 0, 0, 0, 0, 0, 0