label, device_count, lost_devices, new_devices, different_services, services_count, txpower_count, tx_power_avg, min_txpower, max_txpower, man_packet_len_count, manufacturer_data_lengths_sum, manufacturer_data_len_avg, avg_received, min_received, max_received, avg_avg_rssi, min_avg_rssi, max_avg_rssi, min_rssi, max_rssi, avg_rssi_difference, avg_avg_difference_between_beacons, avg_difference_first_last, 0af0, 1802, 180f, 1812, 1826, 2222, ec88, fd5a, fd6f, fdd2, fddf, fe03, fe07, fe0f, fe61, fe9f, fea0, feb9, febe, fee0, ff0d, ffc0, ffe0
clothing_store, 45, 5, 6, 2, 16, 143, 9, 0, 24, 279, 88, 13, 9, 1, 100, -77, -88, -42, -92, -37, 9, 13144, 68473, 0, 0, 0, 0, 0, 0, 0, 0, 13, 0, 0, 0, 0, 0, 0, 0, 0, 0, 0, 0, 0, 0, 0
clothing_store, 44, 9, 5, 2, 16, 147, 8, 0, 24, 196, 88, 13, 9, 1, 35, -76, -89, -42, -92, -39, 9, 9427, 61754, 0, 0, 0, 0, 0, 0, 0, 0, 13, 0, 0, 0, 0, 0, 0, 0, 0, 0, 0, 0, 0, 0, 0
clothing_store, 48, 8, 4, 2, 16, 160, 9, 0, 24, 215, 88, 15, 9, 1, 54, -77, -90, -40, -93, -32, 9, 7398, 57197, 0, 0, 0, 0, 0, 0, 0, 0, 14, 0, 0, 0, 0, 0, 0, 0, 0, 0, 0, 0, 0, 0, 0
clothing_store, 52, 9, 3, 3, 18, 156, 8, 0, 24, 225, 88, 16, 9, 1, 97, -77, -88, -33, -92, -30, 7, 12944, 61415, 0, 0, 0, 0, 0, 0, 0, 0, 15, 0, 0, 0, 0, 0, 0, 0, 0, 0, 1, 0, 0, 0, 0
clothing_store, 58, 2, 11, 2, 21, 166, 9, 0, 24, 253, 114, 16, 8, 1, 46, -78, -90, -37, -91, -32, 7, 12733, 58101, 0, 0, 0, 0, 0, 0, 0, 0, 18, 0, 0, 0, 0, 0, 0, 0, 0, 0, 0, 0, 0, 0, 0