label, device_count, lost_devices, new_devices, different_services, services_count, txpower_count, tx_power_avg, min_txpower, max_txpower, man_packet_len_count, manufacturer_data_lengths_sum, manufacturer_data_len_avg, avg_received, min_received, max_received, avg_avg_rssi, min_avg_rssi, max_avg_rssi, min_rssi, max_rssi, avg_rssi_difference, avg_avg_difference_between_beacons, avg_difference_first_last, 0af0, 1802, 180f, 1812, 1826, 2222, ec88, fd5a, fd6f, fdd2, fddf, fe03, fe07, fe0f, fe61, fe9f, fea0, feb9, febe, fee0, ff0d, ffc0, ffe0
supermarket, 8, 7, 0, 1, 2, 25, 10, 8, 12, 29, 36, 9, 8, 1, 20, -75, -90, -51, -90, -46, 6, 5311, 47143, 0, 0, 0, 0, 0, 0, 0, 0, 2, 0, 0, 0, 0, 0, 0, 0, 0, 0, 0, 0, 0, 0, 0
supermarket, 15, 3, 3, 2, 6, 36, 11, 8, 26, 41, 36, 9, 6, 1, 22, -80, -88, -54, -91, -45, 7, 18830, 50616, 0, 0, 0, 0, 0, 0, 0, 0, 5, 0, 0, 1, 0, 0, 0, 0, 0, 0, 0, 0, 0, 0, 0
supermarket, 15, 1, 4, 2, 5, 39, 10, 8, 12, 52, 36, 9, 7, 1, 17, -78, -90, -49, -91, -45, 7, 9141, 54438, 0, 0, 0, 0, 0, 0, 0, 0, 4, 0, 0, 1, 0, 0, 0, 0, 0, 0, 0, 0, 0, 0, 0
supermarket, 12, 4, 3, 2, 5, 32, 9, 8, 12, 35, 36, 9, 8, 1, 22, -75, -88, -50, -92, -43, 7, 7653, 57618, 0, 0, 0, 0, 0, 0, 0, 0, 4, 0, 0, 1, 0, 0, 0, 0, 0, 0, 0, 0, 0, 0, 0
supermarket, 13, 4, 1, 1, 4, 42, 10, 8, 26, 45, 81, 10, 8, 1, 18, -77, -91, -50, -91, -43, 8, 5773, 51947, 0, 0, 0, 0, 0, 0, 0, 0, 4, 0, 0, 0, 0, 0, 0, 0, 0, 0, 0, 0, 0, 0, 0