label, device_count, lost_devices, new_devices, different_services, services_count, txpower_count, tx_power_avg, min_txpower, max_txpower, man_packet_len_count, manufacturer_data_lengths_sum, manufacturer_data_len_avg, avg_received, min_received, max_received, avg_avg_rssi, min_avg_rssi, max_avg_rssi, min_rssi, max_rssi, avg_rssi_difference, avg_avg_difference_between_beacons, avg_difference_first_last, 0af0, 1802, 180f, 1812, 1826, 2222, ec88, fd5a, fd6f, fdd2, fddf, fe03, fe07, fe0f, fe61, fe9f, fea0, feb9, febe, fee0, ff0d, ffc0, ffe0
supermarket, 3, 1, 0, 1, 1, 12, 8, 8, 8, 13, 40, 12, 11, 1, 21, -58, -87, -44, -87, -39, 6, 4532, 60485, 0, 0, 0, 0, 0, 0, 0, 0, 1, 0, 0, 0, 0, 0, 0, 0, 0, 0, 0, 0, 0, 0, 0
supermarket, 4, 0, 1, 1, 2, 11, 8, 8, 8, 18, 40, 18, 11, 4, 22, -63, -87, -41, -91, -33, 9, 8024, 66785, 0, 0, 0, 0, 0, 0, 0, 0, 2, 0, 0, 0, 0, 0, 0, 0, 0, 0, 0, 0, 0, 0, 0
supermarket, 3, 0, 0, 1, 1, 10, 8, 8, 8, 23, 40, 21, 14, 11, 20, -58, -85, -44, -91, -29, 17, 7027, 88332, 0, 0, 0, 0, 0, 0, 0, 0, 1, 0, 0, 0, 0, 0, 0, 0, 0, 0, 0, 0, 0, 0, 0
supermarket, 3, 1, 1, 1, 1, 13, 8, 8, 8, 14, 40, 12, 11, 1, 24, -61, -88, -48, -88, -43, 10, 4359, 57516, 0, 0, 0, 0, 0, 0, 0, 0, 1, 0, 0, 0, 0, 0, 0, 0, 0, 0, 0, 0, 0, 0, 0
supermarket, 3, 0, 0, 1, 2, 11, 8, 8, 8, 11, 11, 11, 11, 2, 22, -59, -83, -46, -83, -39, 9, 4429, 60031, 0, 0, 0, 0, 0, 0, 0, 0, 2, 0, 0, 0, 0, 0, 0, 0, 0, 0, 0, 0, 0, 0, 0