label, device_count, lost_devices, new_devices, different_services, services_count, txpower_count, tx_power_avg, min_txpower, max_txpower, man_packet_len_count, manufacturer_data_lengths_sum, manufacturer_data_len_avg, avg_received, min_received, max_received, avg_avg_rssi, min_avg_rssi, max_avg_rssi, min_rssi, max_rssi, avg_rssi_difference, avg_avg_difference_between_beacons, avg_difference_first_last, 0af0, 1802, 180f, 1812, 1826, 2222, ec88, fd5a, fd6f, fdd2, fddf, fe03, fe07, fe0f, fe61, fe9f, fea0, feb9, febe, fee0, ff0d, ffc0, ffe0
supermarket, 4, 0, 0, 1, 2, 9, 8, 8, 8, 19, 40, 20, 12, 9, 18, -64, -86, -44, -89, -39, 10, 7993, 84804, 0, 0, 0, 0, 0, 0, 0, 0, 2, 0, 0, 0, 0, 0, 0, 0, 0, 0, 0, 0, 0, 0, 0
supermarket, 4, 0, 0, 1, 2, 11, 8, 8, 8, 28, 40, 21, 16, 11, 22, -63, -81, -45, -87, -39, 14, 6290, 91024, 0, 0, 0, 0, 0, 0, 0, 0, 2, 0, 0, 0, 0, 0, 0, 0, 0, 0, 0, 0, 0, 0, 0
supermarket, 4, 0, 0, 1, 2, 11, 8, 8, 8, 32, 40, 22, 16, 9, 22, -64, -84, -46, -90, -40, 13, 6803, 87632, 0, 0, 0, 0, 0, 0, 0, 0, 2, 0, 0, 0, 0, 0, 0, 0, 0, 0, 0, 0, 0, 0, 0
supermarket, 4, 0, 0, 1, 2, 10, 8, 8, 8, 30, 40, 23, 13, 7, 20, -63, -84, -43, -87, -38, 8, 7777, 81940, 0, 0, 0, 0, 0, 0, 0, 0, 2, 0, 0, 0, 0, 0, 0, 0, 0, 0, 0, 0, 0, 0, 0
supermarket, 4, 0, 0, 1, 2, 10, 8, 8, 8, 15, 40, 17, 10, 5, 20, -65, -86, -44, -90, -39, 9, 9974, 78265, 0, 0, 0, 0, 0, 0, 0, 0, 2, 0, 0, 0, 0, 0, 0, 0, 0, 0, 0, 0, 0, 0, 0