label, device_count, lost_devices, new_devices, different_services, services_count, txpower_count, tx_power_avg, min_txpower, max_txpower, man_packet_len_count, manufacturer_data_lengths_sum, manufacturer_data_len_avg, avg_received, min_received, max_received, avg_avg_rssi, min_avg_rssi, max_avg_rssi, min_rssi, max_rssi, avg_rssi_difference, avg_avg_difference_between_beacons, avg_difference_first_last, 0af0, 1802, 180f, 1812, 1826, 2222, ec88, fd5a, fd6f, fdd2, fddf, fe03, fe07, fe0f, fe61, fe9f, fea0, feb9, febe, fee0, ff0d, ffc0, ffe0
supermarket, 4, 0, 0, 1, 2, 9, 8, 8, 8, 28, 40, 23, 15, 11, 19, -63, -84, -45, -87, -41, 10, 6381, 84509, 0, 0, 0, 0, 0, 0, 0, 0, 2, 0, 0, 0, 0, 0, 0, 0, 0, 0, 0, 0, 0, 0, 0
supermarket, 4, 0, 0, 1, 2, 9, 8, 8, 8, 29, 40, 23, 16, 11, 20, -63, -81, -46, -89, -43, 11, 6278, 88804, 0, 0, 0, 0, 0, 0, 0, 0, 2, 0, 0, 0, 0, 0, 0, 0, 0, 0, 0, 0, 0, 0, 0
supermarket, 4, 1, 0, 1, 2, 11, 8, 8, 8, 30, 40, 22, 18, 11, 22, -63, -83, -47, -88, -42, 13, 5650, 89048, 0, 0, 0, 0, 0, 0, 0, 0, 2, 0, 0, 0, 0, 0, 0, 0, 0, 0, 0, 0, 0, 0, 0
supermarket, 5, 0, 0, 2, 3, 11, 8, 8, 8, 17, 48, 16, 8, 2, 20, -69, -87, -45, -90, -39, 8, 8383, 58010, 0, 0, 0, 0, 0, 0, 0, 0, 2, 0, 0, 0, 0, 0, 0, 0, 0, 0, 0, 0, 0, 0, 0
supermarket, 5, 1, 0, 2, 3, 11, 8, 8, 8, 19, 48, 17, 8, 1, 22, -69, -91, -45, -91, -42, 4, 4618, 45937, 0, 0, 0, 0, 0, 0, 0, 0, 2, 0, 0, 0, 0, 0, 0, 0, 0, 0, 0, 0, 0, 0, 0