label, device_count, lost_devices, new_devices, different_services, services_count, txpower_count, tx_power_avg, min_txpower, max_txpower, man_packet_len_count, manufacturer_data_lengths_sum, manufacturer_data_len_avg, avg_received, min_received, max_received, avg_avg_rssi, min_avg_rssi, max_avg_rssi, min_rssi, max_rssi, avg_rssi_difference, avg_avg_difference_between_beacons, avg_difference_first_last, 0af0, 1802, 180f, 1812, 1826, 2222, ec88, fd5a, fd6f, fdd2, fddf, fe03, fe07, fe0f, fe61, fe9f, fea0, feb9, febe, fee0, ff0d, ffc0, ffe0
supermarket, 4, 0, 0, 1, 2, 10, 8, 8, 8, 35, 40, 23, 16, 11, 25, -57, -82, -39, -85, -33, 13, 6371, 88367, 0, 0, 0, 0, 0, 0, 0, 0, 2, 0, 0, 0, 0, 0, 0, 0, 0, 0, 0, 0, 0, 0, 0
supermarket, 4, 1, 1, 1, 2, 10, 8, 8, 8, 36, 40, 24, 16, 10, 26, -56, -83, -35, -88, -32, 13, 6877, 89633, 0, 0, 0, 0, 0, 0, 0, 0, 2, 0, 0, 0, 0, 0, 0, 0, 0, 0, 0, 0, 0, 0, 0
supermarket, 4, 1, 1, 1, 1, 10, 8, 8, 8, 40, 40, 24, 14, 3, 27, -57, -86, -36, -89, -30, 14, 6813, 73643, 0, 0, 0, 0, 0, 0, 0, 0, 1, 0, 0, 0, 0, 0, 0, 0, 0, 0, 0, 0, 0, 0, 0
supermarket, 4, 0, 0, 1, 2, 10, 8, 8, 8, 35, 40, 23, 15, 5, 25, -57, -84, -36, -87, -32, 8, 6613, 77898, 0, 0, 0, 0, 0, 0, 0, 0, 2, 0, 0, 0, 0, 0, 0, 0, 0, 0, 0, 0, 0, 0, 0
supermarket, 4, 0, 0, 1, 2, 12, 8, 8, 8, 31, 40, 22, 15, 8, 23, -63, -83, -44, -88, -39, 10, 7483, 85984, 0, 0, 0, 0, 0, 0, 0, 0, 2, 0, 0, 0, 0, 0, 0, 0, 0, 0, 0, 0, 0, 0, 0