label, device_count, lost_devices, new_devices, different_services, services_count, txpower_count, tx_power_avg, min_txpower, max_txpower, man_packet_len_count, manufacturer_data_lengths_sum, manufacturer_data_len_avg, avg_received, min_received, max_received, avg_avg_rssi, min_avg_rssi, max_avg_rssi, min_rssi, max_rssi, avg_rssi_difference, avg_avg_difference_between_beacons, avg_difference_first_last, 0af0, 1802, 180f, 1812, 1826, 2222, ec88, fd5a, fd6f, fdd2, fddf, fe03, fe07, fe0f, fe61, fe9f, fea0, feb9, febe, fee0, ff0d, ffc0, ffe0
supermarket, 5, 0, 0, 1, 2, 12, 8, 8, 8, 45, 40, 24, 15, 7, 26, -60, -86, -33, -90, -31, 10, 7297, 84540, 0, 0, 0, 0, 0, 0, 0, 0, 2, 0, 0, 0, 0, 0, 0, 0, 0, 0, 0, 0, 0, 0, 0
supermarket, 5, 0, 1, 1, 2, 10, 8, 8, 8, 34, 40, 23, 14, 3, 21, -61, -84, -32, -87, -29, 8, 8972, 79690, 0, 0, 0, 0, 0, 0, 0, 0, 2, 0, 0, 0, 0, 0, 0, 0, 0, 0, 0, 0, 0, 0, 0
supermarket, 4, 2, 0, 1, 2, 10, 8, 8, 8, 36, 40, 24, 17, 11, 26, -57, -81, -34, -89, -30, 15, 5985, 88155, 0, 0, 0, 0, 0, 0, 0, 0, 2, 0, 0, 0, 0, 0, 0, 0, 0, 0, 0, 0, 0, 0, 0
supermarket, 6, 0, 0, 1, 2, 12, 8, 8, 12, 46, 50, 24, 11, 1, 27, -73, -87, -52, -89, -47, 8, 6796, 63778, 0, 0, 0, 0, 0, 0, 0, 0, 2, 0, 0, 0, 0, 0, 0, 0, 0, 0, 0, 0, 0, 0, 0
supermarket, 6, 0, 2, 1, 2, 12, 8, 8, 12, 50, 50, 24, 14, 2, 27, -65, -83, -38, -88, -33, 9, 5590, 71740, 0, 0, 0, 0, 0, 0, 0, 0, 2, 0, 0, 0, 0, 0, 0, 0, 0, 0, 0, 0, 0, 0, 0