label, device_count, lost_devices, new_devices, different_services, services_count, txpower_count, tx_power_avg, min_txpower, max_txpower, man_packet_len_count, manufacturer_data_lengths_sum, manufacturer_data_len_avg, avg_received, min_received, max_received, avg_avg_rssi, min_avg_rssi, max_avg_rssi, min_rssi, max_rssi, avg_rssi_difference, avg_avg_difference_between_beacons, avg_difference_first_last, 0af0, 1802, 180f, 1812, 1826, 2222, ec88, fd5a, fd6f, fdd2, fddf, fe03, fe07, fe0f, fe61, fe9f, fea0, feb9, febe, fee0, ff0d, ffc0, ffe0
clothing_store, 41, 1, 10, 2, 12, 112, 12, 6, 26, 197, 89, 11, 9, 1, 39, -76, -88, -32, -91, -28, 8, 9653, 53536, 0, 0, 0, 0, 0, 0, 0, 0, 11, 0, 0, 0, 0, 0, 0, 0, 0, 0, 0, 0, 0, 0, 0
clothing_store, 32, 5, 1, 1, 10, 110, 12, 6, 26, 174, 89, 10, 11, 1, 77, -77, -90, -41, -91, -26, 9, 8155, 61398, 0, 0, 0, 0, 0, 0, 0, 0, 10, 0, 0, 0, 0, 0, 0, 0, 0, 0, 0, 0, 0, 0, 0
clothing_store, 36, 2, 4, 2, 11, 104, 12, 6, 26, 190, 89, 10, 11, 1, 82, -78, -89, -40, -91, -29, 8, 9037, 57605, 0, 0, 0, 0, 0, 0, 0, 0, 10, 0, 0, 0, 0, 0, 0, 0, 0, 0, 0, 0, 0, 0, 0
clothing_store, 34, 0, 5, 2, 11, 81, 11, 6, 26, 203, 89, 8, 6, 1, 100, -77, -88, -36, -91, -32, 8, 10885, 56197, 0, 0, 0, 0, 0, 0, 0, 0, 9, 0, 0, 0, 0, 0, 0, 0, 0, 0, 0, 0, 0, 0, 0
clothing_store, 29, 4, 2, 2, 9, 74, 11, 6, 26, 197, 89, 8, 6, 1, 100, -78, -89, -38, -91, -32, 8, 9670, 49263, 0, 0, 0, 0, 0, 0, 0, 0, 8, 0, 0, 0, 0, 0, 0, 0, 0, 0, 0, 0, 0, 0, 0