label, device_count, lost_devices, new_devices, different_services, services_count, txpower_count, tx_power_avg, min_txpower, max_txpower, man_packet_len_count, manufacturer_data_lengths_sum, manufacturer_data_len_avg, avg_received, min_received, max_received, avg_avg_rssi, min_avg_rssi, max_avg_rssi, min_rssi, max_rssi, avg_rssi_difference, avg_avg_difference_between_beacons, avg_difference_first_last, 0af0, 1802, 180f, 1812, 1826, 2222, ec88, fd5a, fd6f, fdd2, fddf, fe03, fe07, fe0f, fe61, fe9f, fea0, feb9, febe, fee0, ff0d, ffc0, ffe0
clothing_store, 32, 3, 1, 1, 9, 103, 12, 6, 26, 137, 89, 11, 8, 1, 39, -79, -92, -41, -92, -39, 7, 10053, 58980, 0, 0, 0, 0, 0, 0, 0, 0, 9, 0, 0, 0, 0, 0, 0, 0, 0, 0, 0, 0, 0, 0, 0
clothing_store, 34, 1, 5, 1, 9, 97, 12, 6, 26, 118, 89, 11, 6, 1, 18, -79, -91, -40, -91, -35, 5, 11781, 52989, 0, 0, 0, 0, 0, 0, 0, 0, 9, 0, 0, 0, 0, 0, 0, 0, 0, 0, 0, 0, 0, 0, 0
clothing_store, 30, 3, 4, 1, 7, 89, 11, 6, 26, 105, 89, 12, 6, 1, 21, -78, -92, -37, -92, -33, 6, 10909, 52418, 0, 0, 0, 0, 0, 0, 0, 0, 7, 0, 0, 0, 0, 0, 0, 0, 0, 0, 0, 0, 0, 0, 0
clothing_store, 29, 7, 0, 1, 8, 85, 12, 6, 26, 103, 89, 12, 7, 1, 22, -79, -91, -38, -91, -34, 6, 8067, 49898, 0, 0, 0, 0, 0, 0, 0, 0, 8, 0, 0, 0, 0, 0, 0, 0, 0, 0, 0, 0, 0, 0, 0
clothing_store, 36, 5, 3, 1, 11, 116, 12, 6, 26, 141, 89, 12, 8, 1, 21, -79, -89, -40, -91, -36, 7, 11451, 59848, 0, 0, 0, 0, 0, 0, 0, 0, 11, 0, 0, 0, 0, 0, 0, 0, 0, 0, 0, 0, 0, 0, 0