label, device_count, lost_devices, new_devices, different_services, services_count, txpower_count, tx_power_avg, min_txpower, max_txpower, man_packet_len_count, manufacturer_data_lengths_sum, manufacturer_data_len_avg, avg_received, min_received, max_received, avg_avg_rssi, min_avg_rssi, max_avg_rssi, min_rssi, max_rssi, avg_rssi_difference, avg_avg_difference_between_beacons, avg_difference_first_last, 0af0, 1802, 180f, 1812, 1826, 2222, ec88, fd5a, fd6f, fdd2, fddf, fe03, fe07, fe0f, fe61, fe9f, fea0, feb9, febe, fee0, ff0d, ffc0, ffe0
clothing_store, 19, 7, 2, 3, 7, 38, 11, 7, 26, 89, 85, 19, 8, 1, 23, -75, -89, -34, -91, -30, 6, 9859, 58202, 0, 0, 0, 0, 0, 0, 0, 0, 5, 0, 0, 0, 0, 0, 0, 0, 0, 0, 1, 0, 0, 0, 0
clothing_store, 24, 4, 2, 2, 9, 36, 11, 7, 26, 80, 104, 19, 6, 1, 23, -77, -90, -33, -90, -31, 5, 10436, 46843, 0, 0, 0, 0, 0, 0, 0, 0, 8, 0, 0, 0, 0, 0, 0, 0, 0, 0, 1, 0, 0, 0, 0
clothing_store, 26, 1, 4, 3, 10, 45, 10, 7, 26, 100, 108, 18, 7, 1, 22, -79, -90, -35, -94, -29, 7, 12656, 54603, 0, 0, 0, 0, 0, 0, 0, 0, 8, 0, 0, 0, 0, 0, 0, 0, 0, 0, 1, 0, 0, 0, 0
clothing_store, 23, 9, 0, 2, 8, 41, 10, 7, 26, 107, 108, 17, 9, 1, 36, -79, -89, -36, -90, -31, 5, 13857, 59696, 0, 0, 0, 0, 0, 0, 0, 0, 7, 0, 0, 0, 0, 0, 0, 0, 0, 0, 1, 0, 0, 0, 0
clothing_store, 32, 5, 1, 3, 12, 53, 10, 7, 26, 107, 108, 17, 6, 1, 32, -80, -90, -38, -91, -32, 5, 11984, 46530, 0, 0, 0, 0, 0, 0, 0, 0, 10, 0, 0, 0, 0, 0, 0, 0, 0, 0, 1, 0, 0, 0, 0