label, device_count, lost_devices, new_devices, different_services, services_count, txpower_count, tx_power_avg, min_txpower, max_txpower, man_packet_len_count, manufacturer_data_lengths_sum, manufacturer_data_len_avg, avg_received, min_received, max_received, avg_avg_rssi, min_avg_rssi, max_avg_rssi, min_rssi, max_rssi, avg_rssi_difference, avg_avg_difference_between_beacons, avg_difference_first_last, 0af0, 1802, 180f, 1812, 1826, 2222, ec88, fd5a, fd6f, fdd2, fddf, fe03, fe07, fe0f, fe61, fe9f, fea0, feb9, febe, fee0, ff0d, ffc0, ffe0
clothing_store, 17, 4, 3, 2, 6, 27, 12, 7, 26, 78, 85, 21, 7, 1, 27, -77, -89, -41, -90, -39, 5, 8722, 56533, 0, 0, 0, 0, 0, 0, 0, 0, 5, 0, 0, 0, 0, 0, 0, 0, 0, 0, 1, 0, 0, 0, 0
clothing_store, 18, 8, 3, 2, 7, 32, 12, 6, 26, 90, 85, 19, 8, 1, 24, -77, -89, -40, -91, -37, 6, 13016, 57662, 0, 0, 0, 0, 0, 0, 0, 0, 6, 0, 0, 0, 0, 0, 0, 0, 0, 0, 1, 0, 0, 0, 0
clothing_store, 23, 3, 8, 3, 8, 46, 12, 6, 26, 96, 85, 18, 7, 1, 25, -78, -91, -34, -93, -27, 7, 6517, 47902, 0, 0, 0, 0, 0, 0, 0, 0, 6, 0, 0, 0, 0, 0, 0, 0, 0, 0, 1, 0, 0, 0, 0
clothing_store, 18, 6, 2, 2, 5, 31, 11, 7, 26, 84, 85, 20, 7, 1, 26, -75, -90, -37, -90, -33, 5, 15828, 61820, 0, 0, 0, 0, 0, 0, 0, 0, 4, 0, 0, 0, 0, 0, 0, 0, 0, 0, 1, 0, 0, 0, 0
clothing_store, 22, 8, 1, 3, 8, 55, 10, 6, 26, 103, 85, 17, 8, 2, 22, -77, -88, -41, -91, -35, 6, 12075, 65132, 0, 0, 0, 0, 0, 0, 0, 0, 6, 0, 0, 0, 0, 0, 0, 0, 0, 0, 1, 0, 0, 0, 0