label, device_count, lost_devices, new_devices, different_services, services_count, txpower_count, tx_power_avg, min_txpower, max_txpower, man_packet_len_count, manufacturer_data_lengths_sum, manufacturer_data_len_avg, avg_received, min_received, max_received, avg_avg_rssi, min_avg_rssi, max_avg_rssi, min_rssi, max_rssi, avg_rssi_difference, avg_avg_difference_between_beacons, avg_difference_first_last, 0af0, 1802, 180f, 1812, 1826, 2222, ec88, fd5a, fd6f, fdd2, fddf, fe03, fe07, fe0f, fe61, fe9f, fea0, feb9, febe, fee0, ff0d, ffc0, ffe0
supermarket, 10, 0, 1, 1, 3, 38, 9, 8, 12, 56, 46, 14, 12, 2, 31, -70, -86, -48, -88, -42, 10, 8460, 68074, 0, 0, 0, 0, 0, 0, 0, 0, 3, 0, 0, 0, 0, 0, 0, 0, 0, 0, 0, 0, 0, 0, 0
supermarket, 9, 3, 0, 1, 3, 47, 8, 8, 12, 60, 46, 13, 14, 2, 25, -67, -87, -45, -90, -39, 13, 11496, 81011, 0, 0, 0, 0, 0, 0, 0, 0, 3, 0, 0, 0, 0, 0, 0, 0, 0, 0, 0, 0, 0, 0, 0
supermarket, 12, 1, 4, 1, 3, 50, 8, 8, 12, 70, 85, 13, 12, 1, 29, -73, -86, -48, -89, -44, 10, 5246, 63618, 0, 0, 0, 0, 0, 0, 0, 0, 3, 0, 0, 0, 0, 0, 0, 0, 0, 0, 0, 0, 0, 0, 0
supermarket, 9, 5, 1, 1, 2, 32, 9, 8, 12, 46, 75, 15, 10, 1, 24, -72, -85, -49, -88, -42, 12, 6581, 62152, 0, 0, 0, 0, 0, 0, 0, 0, 2, 0, 0, 0, 0, 0, 0, 0, 0, 0, 0, 0, 0, 0, 0
supermarket, 13, 3, 4, 1, 4, 39, 9, 8, 12, 55, 75, 14, 9, 1, 28, -77, -88, -54, -89, -47, 8, 3902, 47924, 0, 0, 0, 0, 0, 0, 0, 0, 4, 0, 0, 0, 0, 0, 0, 0, 0, 0, 0, 0, 0, 0, 0