label, device_count, lost_devices, new_devices, different_services, services_count, txpower_count, tx_power_avg, min_txpower, max_txpower, man_packet_len_count, manufacturer_data_lengths_sum, manufacturer_data_len_avg, avg_received, min_received, max_received, avg_avg_rssi, min_avg_rssi, max_avg_rssi, min_rssi, max_rssi, avg_rssi_difference, avg_avg_difference_between_beacons, avg_difference_first_last, 0af0, 1802, 180f, 1812, 1826, 2222, ec88, fd5a, fd6f, fdd2, fddf, fe03, fe07, fe0f, fe61, fe9f, fea0, feb9, febe, fee0, ff0d, ffc0, ffe0
supermarket, 9, 5, 1, 1, 2, 32, 9, 8, 12, 46, 75, 15, 10, 1, 24, -72, -85, -49, -88, -42, 12, 6581, 62152, 0, 0, 0, 0, 0, 0, 0, 0, 2, 0, 0, 0, 0, 0, 0, 0, 0, 0, 0, 0, 0, 0, 0
supermarket, 13, 3, 4, 1, 4, 39, 9, 8, 12, 55, 75, 14, 9, 1, 28, -77, -88, -54, -89, -47, 8, 3902, 47924, 0, 0, 0, 0, 0, 0, 0, 0, 4, 0, 0, 0, 0, 0, 0, 0, 0, 0, 0, 0, 0, 0, 0
supermarket, 12, 11, 4, 1, 2, 41, 10, 8, 24, 59, 75, 14, 10, 1, 25, -76, -87, -46, -89, -42, 8, 7734, 58436, 0, 0, 0, 0, 0, 0, 0, 0, 2, 0, 0, 0, 0, 0, 0, 0, 0, 0, 0, 0, 0, 0, 0
supermarket, 19, 5, 1, 2, 7, 52, 9, 8, 12, 103, 85, 18, 10, 1, 88, -78, -89, -48, -91, -44, 8, 7121, 50169, 0, 0, 0, 0, 0, 0, 0, 1, 6, 0, 0, 0, 0, 0, 0, 0, 0, 0, 0, 0, 0, 0, 0
supermarket, 23, 4, 2, 3, 10, 77, 9, 7, 12, 85, 85, 11, 8, 1, 25, -78, -89, -46, -90, -39, 7, 8262, 53408, 0, 0, 0, 0, 0, 0, 0, 1, 8, 0, 0, 0, 0, 0, 0, 0, 0, 0, 0, 0, 0, 0, 0