label, device_count, lost_devices, new_devices, different_services, services_count, txpower_count, tx_power_avg, min_txpower, max_txpower, man_packet_len_count, manufacturer_data_lengths_sum, manufacturer_data_len_avg, avg_received, min_received, max_received, avg_avg_rssi, min_avg_rssi, max_avg_rssi, min_rssi, max_rssi, avg_rssi_difference, avg_avg_difference_between_beacons, avg_difference_first_last, 0af0, 1802, 180f, 1812, 1826, 2222, ec88, fd5a, fd6f, fdd2, fddf, fe03, fe07, fe0f, fe61, fe9f, fea0, feb9, febe, fee0, ff0d, ffc0, ffe0
supermarket, 12, 3, 0, 1, 4, 62, 7, 7, 8, 75, 59, 13, 12, 1, 21, -73, -89, -45, -89, -42, 11, 7095, 76501, 0, 0, 0, 0, 0, 0, 0, 0, 4, 0, 0, 0, 0, 0, 0, 0, 0, 0, 0, 0, 0, 0, 0
supermarket, 15, 4, 2, 2, 5, 51, 8, 7, 24, 64, 59, 14, 9, 1, 22, -74, -88, -47, -89, -43, 9, 10971, 64751, 0, 0, 0, 0, 0, 0, 0, 0, 4, 0, 0, 0, 0, 0, 0, 0, 0, 0, 0, 0, 0, 0, 0
supermarket, 17, 3, 3, 3, 7, 53, 8, 7, 24, 67, 59, 14, 9, 1, 22, -76, -90, -46, -90, -38, 9, 6614, 62087, 0, 0, 0, 0, 0, 0, 0, 0, 5, 0, 0, 0, 0, 0, 0, 0, 0, 0, 1, 0, 0, 0, 0
supermarket, 17, 3, 1, 3, 7, 58, 8, 7, 24, 69, 59, 13, 9, 1, 22, -76, -89, -45, -90, -41, 8, 8687, 57231, 0, 0, 0, 0, 0, 0, 0, 0, 5, 0, 0, 0, 0, 0, 0, 0, 0, 0, 1, 0, 0, 0, 0
supermarket, 19, 3, 0, 2, 8, 58, 9, 7, 24, 71, 59, 13, 8, 1, 22, -77, -87, -47, -89, -41, 8, 16673, 62720, 0, 0, 0, 0, 0, 0, 0, 0, 7, 0, 0, 0, 0, 0, 0, 0, 0, 0, 0, 0, 0, 0, 0