label, device_count, lost_devices, new_devices, different_services, services_count, txpower_count, tx_power_avg, min_txpower, max_txpower, man_packet_len_count, manufacturer_data_lengths_sum, manufacturer_data_len_avg, avg_received, min_received, max_received, avg_avg_rssi, min_avg_rssi, max_avg_rssi, min_rssi, max_rssi, avg_rssi_difference, avg_avg_difference_between_beacons, avg_difference_first_last, 0af0, 1802, 180f, 1812, 1826, 2222, ec88, fd5a, fd6f, fdd2, fddf, fe03, fe07, fe0f, fe61, fe9f, fea0, feb9, febe, fee0, ff0d, ffc0, ffe0
supermarket, 13, 3, 2, 2, 6, 35, 8, 7, 24, 40, 59, 11, 7, 1, 22, -78, -90, -46, -92, -44, 5, 9284, 49857, 0, 0, 0, 0, 0, 0, 0, 0, 5, 0, 0, 0, 0, 0, 0, 0, 0, 0, 1, 0, 0, 0, 0
supermarket, 14, 3, 5, 2, 6, 33, 7, 7, 8, 35, 76, 11, 6, 1, 20, -77, -90, -41, -90, -38, 5, 11325, 50731, 0, 0, 0, 0, 0, 0, 0, 0, 5, 0, 0, 0, 0, 0, 0, 0, 0, 0, 1, 0, 0, 0, 0
supermarket, 12, 2, 5, 1, 5, 38, 7, 7, 8, 39, 30, 10, 8, 1, 17, -77, -89, -46, -90, -39, 7, 10370, 61921, 0, 0, 0, 0, 0, 0, 0, 0, 5, 0, 0, 0, 0, 0, 0, 0, 0, 0, 0, 0, 0, 0, 0
supermarket, 9, 5, 1, 1, 3, 36, 8, 7, 24, 36, 30, 10, 9, 1, 22, -75, -90, -46, -91, -42, 8, 6180, 61519, 0, 0, 0, 0, 0, 0, 0, 0, 3, 0, 0, 0, 0, 0, 0, 0, 0, 0, 0, 0, 0, 0, 0
supermarket, 13, 2, 3, 1, 5, 45, 8, 7, 24, 46, 30, 10, 8, 1, 24, -75, -90, -49, -90, -45, 7, 8923, 57963, 0, 0, 0, 0, 0, 0, 0, 0, 5, 0, 0, 0, 0, 0, 0, 0, 0, 0, 0, 0, 0, 0, 0