label, device_count, lost_devices, new_devices, different_services, services_count, txpower_count, tx_power_avg, min_txpower, max_txpower, man_packet_len_count, manufacturer_data_lengths_sum, manufacturer_data_len_avg, avg_received, min_received, max_received, avg_avg_rssi, min_avg_rssi, max_avg_rssi, min_rssi, max_rssi, avg_rssi_difference, avg_avg_difference_between_beacons, avg_difference_first_last, 0af0, 1802, 180f, 1812, 1826, 2222, ec88, fd5a, fd6f, fdd2, fddf, fe03, fe07, fe0f, fe61, fe9f, fea0, feb9, febe, fee0, ff0d, ffc0, ffe0
clothing_store, 11, 24, 5, 1, 5, 22, 9, 8, 12, 37, 50, 18, 7, 1, 21, -74, -87, -43, -90, -38, 7, 8980, 55720, 0, 0, 0, 0, 0, 0, 0, 0, 5, 0, 0, 0, 0, 0, 0, 0, 0, 0, 0, 0, 0, 0, 0
clothing_store, 30, 2, 2, 3, 11, 123, 10, 6, 24, 149, 85, 13, 13, 1, 50, -74, -88, -47, -89, -42, 12, 7462, 71785, 0, 0, 0, 0, 0, 0, 0, 0, 7, 0, 0, 0, 3, 0, 0, 0, 0, 0, 0, 1, 0, 0, 0
clothing_store, 30, 0, 1, 2, 10, 111, 14, 6, 235, 126, 79, 12, 12, 1, 50, -76, -90, -48, -90, -43, 11, 8059, 68186, 0, 0, 0, 0, 0, 0, 0, 0, 7, 0, 0, 0, 3, 0, 0, 0, 0, 0, 0, 0, 0, 0, 0
clothing_store, 29, 4, 3, 2, 10, 110, 10, 6, 24, 128, 79, 12, 13, 1, 56, -76, -90, -50, -90, -45, 10, 6883, 65863, 0, 0, 0, 0, 0, 0, 0, 0, 7, 0, 0, 0, 3, 0, 0, 0, 0, 0, 0, 0, 0, 0, 0
clothing_store, 30, 4, 2, 3, 12, 103, 11, 6, 24, 118, 105, 12, 12, 1, 46, -77, -91, -47, -91, -42, 9, 7875, 66016, 0, 0, 0, 0, 0, 0, 0, 0, 8, 0, 0, 0, 3, 0, 0, 0, 0, 0, 0, 1, 0, 0, 0