label, device_count, lost_devices, new_devices, different_services, services_count, txpower_count, tx_power_avg, min_txpower, max_txpower, man_packet_len_count, manufacturer_data_lengths_sum, manufacturer_data_len_avg, avg_received, min_received, max_received, avg_avg_rssi, min_avg_rssi, max_avg_rssi, min_rssi, max_rssi, avg_rssi_difference, avg_avg_difference_between_beacons, avg_difference_first_last, 0af0, 1802, 180f, 1812, 1826, 2222, ec88, fd5a, fd6f, fdd2, fddf, fe03, fe07, fe0f, fe61, fe9f, fea0, feb9, febe, fee0, ff0d, ffc0, ffe0
clothing_store, 20, 1, 2, 2, 6, 42, 10, 6, 26, 92, 127, 13, 7, 1, 24, -81, -90, -46, -91, -41, 5, 10146, 48895, 0, 0, 0, 0, 0, 0, 0, 0, 5, 0, 0, 0, 0, 0, 1, 0, 0, 0, 0, 0, 0, 0, 0
clothing_store, 19, 2, 3, 1, 5, 43, 10, 6, 26, 64, 122, 15, 6, 1, 22, -80, -89, -49, -91, -41, 5, 10727, 50336, 0, 0, 0, 0, 0, 0, 0, 0, 5, 0, 0, 0, 0, 0, 0, 0, 0, 0, 0, 0, 0, 0, 0
clothing_store, 18, 3, 4, 1, 4, 43, 10, 6, 26, 74, 147, 17, 6, 1, 20, -79, -89, -48, -91, -38, 7, 11110, 59289, 0, 0, 0, 0, 0, 0, 0, 0, 4, 0, 0, 0, 0, 0, 0, 0, 0, 0, 0, 0, 0, 0, 0
clothing_store, 17, 2, 2, 1, 5, 41, 15, 6, 235, 60, 110, 16, 6, 1, 22, -80, -90, -46, -90, -38, 6, 14602, 52778, 0, 0, 0, 0, 0, 0, 0, 0, 5, 0, 0, 0, 0, 0, 0, 0, 0, 0, 0, 0, 0, 0, 0
clothing_store, 17, 2, 3, 1, 4, 34, 9, 6, 12, 50, 85, 16, 5, 1, 20, -80, -88, -45, -89, -37, 4, 16309, 43838, 0, 0, 0, 0, 0, 0, 0, 0, 4, 0, 0, 0, 0, 0, 0, 0, 0, 0, 0, 0, 0, 0, 0