label, device_count, lost_devices, new_devices, different_services, services_count, txpower_count, tx_power_avg, min_txpower, max_txpower, man_packet_len_count, manufacturer_data_lengths_sum, manufacturer_data_len_avg, avg_received, min_received, max_received, avg_avg_rssi, min_avg_rssi, max_avg_rssi, min_rssi, max_rssi, avg_rssi_difference, avg_avg_difference_between_beacons, avg_difference_first_last, 0af0, 1802, 180f, 1812, 1826, 2222, ec88, fd5a, fd6f, fdd2, fddf, fe03, fe07, fe0f, fe61, fe9f, fea0, feb9, febe, fee0, ff0d, ffc0, ffe0
clothing_store, 12, 3, 1, 2, 4, 23, 9, 6, 12, 86, 61, 8, 10, 1, 54, -79, -88, -52, -90, -46, 4, 6629, 39584, 0, 0, 0, 0, 0, 0, 0, 0, 3, 0, 0, 0, 0, 0, 1, 0, 0, 0, 0, 0, 0, 0, 0
clothing_store, 14, 2, 2, 2, 5, 27, 10, 8, 12, 82, 61, 8, 8, 1, 47, -81, -91, -52, -91, -45, 5, 6897, 44733, 0, 0, 0, 0, 0, 0, 0, 0, 4, 0, 0, 0, 0, 0, 1, 0, 0, 0, 0, 0, 0, 0, 0
clothing_store, 14, 12, 4, 2, 5, 27, 9, 6, 12, 95, 90, 7, 9, 1, 66, -81, -90, -50, -91, -43, 4, 7169, 43689, 0, 0, 0, 0, 0, 0, 0, 0, 4, 0, 0, 0, 0, 0, 1, 0, 0, 0, 0, 0, 0, 0, 0
clothing_store, 22, 10, 6, 2, 5, 37, 12, 6, 26, 74, 127, 15, 5, 1, 21, -82, -89, -49, -90, -40, 4, 11970, 41479, 0, 0, 0, 0, 0, 0, 0, 0, 4, 0, 0, 0, 0, 0, 1, 0, 0, 0, 0, 0, 0, 0, 0
clothing_store, 26, 2, 8, 2, 6, 44, 10, 6, 26, 87, 139, 17, 5, 1, 23, -82, -90, -48, -92, -39, 5, 8797, 40834, 0, 0, 0, 0, 0, 0, 0, 0, 5, 0, 0, 0, 0, 0, 0, 1, 0, 0, 0, 0, 0, 0, 0