label, device_count, lost_devices, new_devices, different_services, services_count, txpower_count, tx_power_avg, min_txpower, max_txpower, man_packet_len_count, manufacturer_data_lengths_sum, manufacturer_data_len_avg, avg_received, min_received, max_received, avg_avg_rssi, min_avg_rssi, max_avg_rssi, min_rssi, max_rssi, avg_rssi_difference, avg_avg_difference_between_beacons, avg_difference_first_last, 0af0, 1802, 180f, 1812, 1826, 2222, ec88, fd5a, fd6f, fdd2, fddf, fe03, fe07, fe0f, fe61, fe9f, fea0, feb9, febe, fee0, ff0d, ffc0, ffe0
clothing_store, 8, 3, 2, 3, 3, 18, 9, 8, 12, 62, 72, 8, 13, 1, 38, -78, -90, -55, -91, -48, 9, 6615, 60279, 0, 0, 0, 0, 0, 0, 0, 1, 1, 0, 0, 0, 0, 0, 1, 0, 0, 0, 0, 0, 0, 0, 0
clothing_store, 9, 2, 1, 2, 2, 26, 10, 6, 12, 57, 61, 12, 11, 1, 19, -78, -90, -54, -91, -45, 10, 6380, 68633, 0, 0, 0, 0, 0, 0, 0, 0, 1, 0, 0, 0, 0, 0, 1, 0, 0, 0, 0, 0, 0, 0, 0
clothing_store, 10, 2, 2, 2, 2, 27, 10, 7, 12, 89, 90, 7, 11, 1, 59, -81, -90, -61, -92, -56, 7, 5540, 43838, 0, 0, 0, 0, 0, 0, 0, 0, 1, 0, 0, 0, 0, 0, 1, 0, 0, 0, 0, 0, 0, 0, 0
clothing_store, 10, 2, 3, 2, 2, 40, 10, 8, 12, 99, 61, 7, 13, 1, 56, -82, -92, -63, -92, -55, 7, 7498, 54357, 0, 0, 0, 0, 0, 0, 0, 0, 1, 0, 0, 0, 0, 0, 1, 0, 0, 0, 0, 0, 0, 0, 0
clothing_store, 9, 1, 1, 2, 2, 32, 10, 8, 12, 66, 90, 13, 11, 3, 21, -78, -89, -51, -91, -43, 9, 7216, 62500, 0, 0, 0, 0, 0, 0, 0, 0, 1, 0, 0, 0, 0, 0, 1, 0, 0, 0, 0, 0, 0, 0, 0