label, device_count, lost_devices, new_devices, different_services, services_count, txpower_count, tx_power_avg, min_txpower, max_txpower, man_packet_len_count, manufacturer_data_lengths_sum, manufacturer_data_len_avg, avg_received, min_received, max_received, avg_avg_rssi, min_avg_rssi, max_avg_rssi, min_rssi, max_rssi, avg_rssi_difference, avg_avg_difference_between_beacons, avg_difference_first_last, 0af0, 1802, 180f, 1812, 1826, 2222, ec88, fd5a, fd6f, fdd2, fddf, fe03, fe07, fe0f, fe61, fe9f, fea0, feb9, febe, fee0, ff0d, ffc0, ffe0
clothing_store, 8, 2, 1, 2, 2, 25, 10, 8, 12, 35, 90, 11, 8, 1, 22, -76, -90, -45, -91, -41, 6, 11993, 58127, 0, 0, 0, 0, 0, 0, 0, 0, 1, 0, 0, 0, 0, 0, 1, 0, 0, 0, 0, 0, 0, 0, 0
clothing_store, 9, 2, 0, 2, 2, 17, 9, 6, 12, 27, 61, 10, 6, 1, 20, -77, -89, -48, -92, -40, 5, 7724, 42205, 0, 0, 0, 0, 0, 0, 0, 0, 1, 0, 0, 0, 0, 0, 1, 0, 0, 0, 0, 0, 0, 0, 0
clothing_store, 11, 1, 1, 2, 2, 21, 10, 6, 12, 73, 90, 9, 9, 1, 43, -81, -90, -54, -91, -45, 6, 16602, 47948, 0, 0, 0, 0, 0, 0, 0, 0, 1, 0, 0, 0, 0, 0, 1, 0, 0, 0, 0, 0, 0, 0, 0
clothing_store, 11, 0, 3, 2, 2, 34, 10, 6, 12, 90, 90, 8, 11, 1, 50, -79, -89, -51, -90, -47, 6, 13228, 59510, 0, 0, 0, 0, 0, 0, 0, 0, 1, 0, 0, 0, 0, 0, 1, 0, 0, 0, 0, 0, 0, 0, 0
clothing_store, 8, 3, 2, 2, 2, 21, 10, 8, 12, 63, 61, 7, 11, 1, 40, -77, -87, -54, -89, -45, 8, 3808, 45691, 0, 0, 0, 0, 0, 0, 0, 0, 1, 0, 0, 0, 0, 0, 1, 0, 0, 0, 0, 0, 0, 0, 0