label, device_count, lost_devices, new_devices, different_services, services_count, txpower_count, tx_power_avg, min_txpower, max_txpower, man_packet_len_count, manufacturer_data_lengths_sum, manufacturer_data_len_avg, avg_received, min_received, max_received, avg_avg_rssi, min_avg_rssi, max_avg_rssi, min_rssi, max_rssi, avg_rssi_difference, avg_avg_difference_between_beacons, avg_difference_first_last, 0af0, 1802, 180f, 1812, 1826, 2222, ec88, fd5a, fd6f, fdd2, fddf, fe03, fe07, fe0f, fe61, fe9f, fea0, feb9, febe, fee0, ff0d, ffc0, ffe0
clothing_store, 9, 1, 1, 2, 2, 32, 10, 8, 12, 66, 90, 13, 11, 3, 21, -78, -89, -51, -91, -43, 9, 7216, 62500, 0, 0, 0, 0, 0, 0, 0, 0, 1, 0, 0, 0, 0, 0, 1, 0, 0, 0, 0, 0, 0, 0, 0
clothing_store, 9, 0, 1, 2, 2, 22, 10, 8, 12, 33, 90, 15, 7, 1, 19, -77, -89, -49, -90, -44, 6, 9447, 55562, 0, 0, 0, 0, 0, 0, 0, 0, 1, 0, 0, 0, 0, 0, 1, 0, 0, 0, 0, 0, 0, 0, 0
clothing_store, 8, 1, 1, 2, 2, 27, 10, 8, 12, 36, 64, 9, 7, 1, 22, -78, -90, -55, -90, -47, 8, 6844, 51163, 0, 0, 0, 0, 0, 0, 0, 0, 1, 0, 0, 0, 0, 0, 1, 0, 0, 0, 0, 0, 0, 0, 0
clothing_store, 8, 2, 1, 2, 2, 25, 10, 8, 12, 35, 90, 11, 8, 1, 22, -76, -90, -45, -91, -41, 6, 11993, 58127, 0, 0, 0, 0, 0, 0, 0, 0, 1, 0, 0, 0, 0, 0, 1, 0, 0, 0, 0, 0, 0, 0, 0
clothing_store, 9, 2, 0, 2, 2, 17, 9, 6, 12, 27, 61, 10, 6, 1, 20, -77, -89, -48, -92, -40, 5, 7724, 42205, 0, 0, 0, 0, 0, 0, 0, 0, 1, 0, 0, 0, 0, 0, 1, 0, 0, 0, 0, 0, 0, 0, 0