label, device_count, lost_devices, new_devices, different_services, services_count, txpower_count, tx_power_avg, min_txpower, max_txpower, man_packet_len_count, manufacturer_data_lengths_sum, manufacturer_data_len_avg, avg_received, min_received, max_received, avg_avg_rssi, min_avg_rssi, max_avg_rssi, min_rssi, max_rssi, avg_rssi_difference, avg_avg_difference_between_beacons, avg_difference_first_last, 0af0, 1802, 180f, 1812, 1826, 2222, ec88, fd5a, fd6f, fdd2, fddf, fe03, fe07, fe0f, fe61, fe9f, fea0, feb9, febe, fee0, ff0d, ffc0, ffe0
clothing_store, 9, 2, 2, 1, 2, 44, 9, 7, 12, 45, 59, 10, 10, 1, 20, -73, -87, -40, -90, -28, 10, 5860, 65465, 0, 0, 0, 0, 0, 0, 0, 0, 2, 0, 0, 0, 0, 0, 0, 0, 0, 0, 0, 0, 0, 0, 0
clothing_store, 9, 1, 2, 1, 2, 35, 10, 7, 12, 40, 59, 12, 8, 1, 23, -77, -90, -51, -91, -35, 10, 13385, 62686, 0, 0, 0, 0, 0, 0, 0, 0, 2, 0, 0, 0, 0, 0, 0, 0, 0, 0, 0, 0, 0, 0, 0
clothing_store, 8, 4, 2, 1, 1, 39, 10, 7, 12, 48, 85, 13, 10, 1, 22, -76, -89, -51, -90, -45, 7, 5661, 64224, 0, 0, 0, 0, 0, 0, 0, 0, 1, 0, 0, 0, 0, 0, 0, 0, 0, 0, 0, 0, 0, 0, 0
clothing_store, 10, 0, 2, 2, 2, 35, 10, 7, 12, 42, 90, 10, 7, 1, 18, -77, -90, -44, -92, -34, 9, 4174, 41399, 0, 0, 0, 0, 0, 0, 0, 0, 1, 0, 0, 0, 0, 0, 1, 0, 0, 0, 0, 0, 0, 0, 0
clothing_store, 8, 0, 1, 2, 2, 29, 9, 7, 12, 32, 85, 11, 8, 1, 17, -74, -89, -42, -90, -37, 7, 10279, 65431, 0, 0, 0, 0, 0, 0, 0, 0, 1, 0, 0, 0, 0, 0, 1, 0, 0, 0, 0, 0, 0, 0, 0