label, device_count, lost_devices, new_devices, different_services, services_count, txpower_count, tx_power_avg, min_txpower, max_txpower, man_packet_len_count, manufacturer_data_lengths_sum, manufacturer_data_len_avg, avg_received, min_received, max_received, avg_avg_rssi, min_avg_rssi, max_avg_rssi, min_rssi, max_rssi, avg_rssi_difference, avg_avg_difference_between_beacons, avg_difference_first_last, 0af0, 1802, 180f, 1812, 1826, 2222, ec88, fd5a, fd6f, fdd2, fddf, fe03, fe07, fe0f, fe61, fe9f, fea0, feb9, febe, fee0, ff0d, ffc0, ffe0
clothing_store, 6, 2, 1, 2, 2, 20, 7, 6, 12, 20, 30, 10, 7, 1, 21, -74, -91, -49, -91, -39, 6, 5086, 45195, 0, 0, 0, 0, 0, 0, 0, 0, 1, 0, 0, 0, 0, 0, 0, 0, 0, 0, 0, 0, 0, 0, 0
clothing_store, 7, 18, 1, 2, 3, 24, 7, 6, 8, 24, 30, 10, 8, 1, 23, -75, -88, -48, -89, -41, 5, 20143, 59350, 0, 0, 0, 0, 0, 0, 0, 0, 2, 0, 0, 0, 0, 0, 0, 0, 0, 0, 0, 0, 0, 0, 0
clothing_store, 24, 6, 5, 2, 6, 74, 8, 6, 12, 76, 59, 10, 6, 1, 22, -81, -90, -52, -90, -48, 5, 8144, 43865, 0, 0, 0, 0, 0, 0, 0, 0, 5, 0, 0, 0, 0, 0, 0, 0, 0, 0, 0, 0, 0, 0, 0
clothing_store, 25, 7, 2, 3, 6, 92, 9, 6, 26, 95, 85, 10, 7, 1, 19, -79, -89, -47, -92, -38, 8, 10951, 57357, 0, 0, 0, 0, 0, 0, 0, 0, 4, 0, 0, 0, 0, 0, 0, 0, 0, 0, 0, 1, 0, 0, 0
clothing_store, 30, 5, 2, 3, 6, 131, 9, 6, 26, 135, 85, 10, 8, 1, 23, -80, -91, -48, -93, -44, 8, 11541, 59519, 0, 0, 0, 0, 0, 0, 0, 0, 4, 0, 0, 0, 0, 0, 0, 0, 0, 0, 0, 1, 0, 0, 0