label, device_count, lost_devices, new_devices, different_services, services_count, txpower_count, tx_power_avg, min_txpower, max_txpower, man_packet_len_count, manufacturer_data_lengths_sum, manufacturer_data_len_avg, avg_received, min_received, max_received, avg_avg_rssi, min_avg_rssi, max_avg_rssi, min_rssi, max_rssi, avg_rssi_difference, avg_avg_difference_between_beacons, avg_difference_first_last, 0af0, 1802, 180f, 1812, 1826, 2222, ec88, fd5a, fd6f, fdd2, fddf, fe03, fe07, fe0f, fe61, fe9f, fea0, feb9, febe, fee0, ff0d, ffc0, ffe0
clothing_store, 7, 0, 2, 2, 3, 14, 8, 7, 12, 17, 75, 13, 6, 1, 20, -73, -90, -46, -90, -41, 3, 7084, 41093, 0, 0, 0, 0, 0, 0, 0, 0, 2, 0, 0, 0, 0, 0, 0, 0, 0, 0, 0, 1, 0, 0, 0
clothing_store, 5, 5, 0, 1, 2, 15, 7, 7, 8, 17, 49, 12, 9, 2, 22, -67, -85, -47, -87, -44, 7, 19875, 67040, 0, 0, 0, 0, 0, 0, 0, 0, 2, 0, 0, 0, 0, 0, 0, 0, 0, 0, 0, 0, 0, 0, 0
clothing_store, 10, 0, 4, 2, 4, 25, 7, 6, 12, 28, 85, 11, 6, 1, 22, -76, -89, -47, -90, -40, 5, 9816, 42364, 0, 0, 0, 0, 0, 0, 0, 0, 3, 0, 0, 0, 0, 0, 0, 0, 0, 0, 0, 1, 0, 0, 0
clothing_store, 6, 0, 2, 2, 3, 17, 7, 7, 8, 19, 75, 12, 8, 1, 22, -70, -85, -46, -90, -39, 7, 5085, 47916, 0, 0, 0, 0, 0, 0, 0, 0, 2, 0, 0, 0, 0, 0, 0, 0, 0, 0, 0, 1, 0, 0, 0
clothing_store, 4, 2, 1, 1, 1, 15, 7, 7, 8, 16, 46, 11, 9, 1, 21, -67, -88, -48, -89, -42, 6, 4882, 49700, 0, 0, 0, 0, 0, 0, 0, 0, 1, 0, 0, 0, 0, 0, 0, 0, 0, 0, 0, 0, 0, 0, 0