label, device_count, lost_devices, new_devices, different_services, services_count, txpower_count, tx_power_avg, min_txpower, max_txpower, man_packet_len_count, manufacturer_data_lengths_sum, manufacturer_data_len_avg, avg_received, min_received, max_received, avg_avg_rssi, min_avg_rssi, max_avg_rssi, min_rssi, max_rssi, avg_rssi_difference, avg_avg_difference_between_beacons, avg_difference_first_last, 0af0, 1802, 180f, 1812, 1826, 2222, ec88, fd5a, fd6f, fdd2, fddf, fe03, fe07, fe0f, fe61, fe9f, fea0, feb9, febe, fee0, ff0d, ffc0, ffe0
clothing_store, 4, 2, 1, 1, 1, 15, 7, 7, 8, 16, 46, 11, 9, 1, 21, -67, -88, -48, -89, -42, 6, 4882, 49700, 0, 0, 0, 0, 0, 0, 0, 0, 1, 0, 0, 0, 0, 0, 0, 0, 0, 0, 0, 0, 0, 0, 0
clothing_store, 5, 2, 1, 1, 1, 24, 7, 6, 12, 24, 30, 10, 10, 1, 18, -70, -90, -49, -90, -42, 10, 6121, 63076, 0, 0, 0, 0, 0, 0, 0, 0, 1, 0, 0, 0, 0, 0, 0, 0, 0, 0, 0, 0, 0, 0, 0
clothing_store, 6, 2, 2, 1, 1, 20, 7, 6, 12, 21, 59, 11, 8, 1, 22, -74, -89, -48, -90, -38, 6, 3593, 43614, 0, 0, 0, 0, 0, 0, 0, 0, 1, 0, 0, 0, 0, 0, 0, 0, 0, 0, 0, 0, 0, 0, 0
clothing_store, 6, 2, 1, 2, 2, 20, 7, 6, 12, 20, 30, 10, 7, 1, 21, -74, -91, -49, -91, -39, 6, 5086, 45195, 0, 0, 0, 0, 0, 0, 0, 0, 1, 0, 0, 0, 0, 0, 0, 0, 0, 0, 0, 0, 0, 0, 0
clothing_store, 7, 18, 1, 2, 3, 24, 7, 6, 8, 24, 30, 10, 8, 1, 23, -75, -88, -48, -89, -41, 5, 20143, 59350, 0, 0, 0, 0, 0, 0, 0, 0, 2, 0, 0, 0, 0, 0, 0, 0, 0, 0, 0, 0, 0, 0, 0