label, device_count, lost_devices, new_devices, different_services, services_count, txpower_count, tx_power_avg, min_txpower, max_txpower, man_packet_len_count, manufacturer_data_lengths_sum, manufacturer_data_len_avg, avg_received, min_received, max_received, avg_avg_rssi, min_avg_rssi, max_avg_rssi, min_rssi, max_rssi, avg_rssi_difference, avg_avg_difference_between_beacons, avg_difference_first_last, 0af0, 1802, 180f, 1812, 1826, 2222, ec88, fd5a, fd6f, fdd2, fddf, fe03, fe07, fe0f, fe61, fe9f, fea0, feb9, febe, fee0, ff0d, ffc0, ffe0
clothing_store, 7, 5, 1, 2, 2, 18, 9, 6, 26, 18, 56, 11, 6, 1, 22, -72, -88, -41, -89, -34, 3, 6922, 40057, 0, 0, 0, 0, 0, 0, 0, 0, 1, 0, 0, 0, 0, 0, 0, 0, 0, 0, 0, 1, 0, 0, 0
clothing_store, 11, 1, 1, 2, 4, 23, 7, 6, 12, 25, 56, 11, 5, 1, 20, -77, -89, -45, -90, -44, 2, 8221, 32125, 0, 0, 0, 0, 0, 0, 0, 0, 3, 0, 0, 0, 0, 0, 0, 0, 0, 0, 0, 1, 0, 0, 0
clothing_store, 11, 1, 5, 2, 4, 21, 7, 6, 12, 23, 56, 11, 5, 1, 20, -77, -92, -44, -92, -39, 3, 5769, 36666, 0, 0, 0, 0, 0, 0, 0, 0, 3, 0, 0, 0, 0, 0, 0, 0, 0, 0, 0, 1, 0, 0, 0
clothing_store, 7, 4, 3, 2, 3, 15, 7, 6, 8, 17, 56, 12, 6, 1, 20, -74, -89, -47, -89, -40, 6, 8097, 46403, 0, 0, 0, 0, 0, 0, 0, 0, 2, 0, 0, 0, 0, 0, 0, 0, 0, 0, 0, 1, 0, 0, 0
clothing_store, 8, 2, 1, 2, 2, 24, 9, 6, 26, 24, 59, 10, 7, 1, 22, -74, -88, -50, -89, -45, 5, 6975, 47640, 0, 0, 0, 0, 0, 0, 0, 0, 1, 0, 0, 0, 0, 0, 0, 0, 0, 0, 0, 0, 0, 0, 0