label, device_count, lost_devices, new_devices, different_services, services_count, txpower_count, tx_power_avg, min_txpower, max_txpower, man_packet_len_count, manufacturer_data_lengths_sum, manufacturer_data_len_avg, avg_received, min_received, max_received, avg_avg_rssi, min_avg_rssi, max_avg_rssi, min_rssi, max_rssi, avg_rssi_difference, avg_avg_difference_between_beacons, avg_difference_first_last, 0af0, 1802, 180f, 1812, 1826, 2222, ec88, fd5a, fd6f, fdd2, fddf, fe03, fe07, fe0f, fe61, fe9f, fea0, feb9, febe, fee0, ff0d, ffc0, ffe0
clothing_store, 12, 0, 1, 3, 4, 21, 8, 6, 26, 25, 85, 13, 4, 1, 20, -77, -89, -43, -92, -41, 4, 16708, 48786, 0, 0, 0, 0, 0, 0, 0, 0, 2, 0, 0, 0, 0, 0, 0, 0, 0, 0, 0, 1, 0, 0, 0
clothing_store, 11, 1, 4, 3, 4, 22, 9, 6, 26, 25, 85, 12, 5, 1, 22, -79, -90, -48, -90, -44, 3, 5799, 33406, 0, 0, 0, 0, 0, 0, 0, 0, 2, 0, 0, 0, 0, 0, 0, 0, 0, 0, 0, 1, 0, 0, 0
clothing_store, 8, 2, 1, 2, 3, 18, 7, 6, 12, 21, 85, 12, 7, 1, 19, -73, -89, -47, -89, -44, 5, 11664, 48372, 0, 0, 0, 0, 0, 0, 0, 0, 2, 0, 0, 0, 0, 0, 0, 0, 0, 0, 0, 1, 0, 0, 0
clothing_store, 9, 0, 2, 2, 4, 25, 7, 6, 12, 28, 85, 12, 8, 1, 24, -73, -88, -47, -88, -39, 5, 11143, 45113, 0, 0, 0, 0, 0, 0, 0, 0, 3, 0, 0, 0, 0, 0, 0, 0, 0, 0, 0, 1, 0, 0, 0
clothing_store, 7, 0, 2, 2, 3, 14, 8, 7, 12, 17, 75, 13, 6, 1, 20, -73, -90, -46, -90, -41, 3, 7084, 41093, 0, 0, 0, 0, 0, 0, 0, 0, 2, 0, 0, 0, 0, 0, 0, 0, 0, 0, 0, 1, 0, 0, 0