label, device_count, lost_devices, new_devices, different_services, services_count, txpower_count, tx_power_avg, min_txpower, max_txpower, man_packet_len_count, manufacturer_data_lengths_sum, manufacturer_data_len_avg, avg_received, min_received, max_received, avg_avg_rssi, min_avg_rssi, max_avg_rssi, min_rssi, max_rssi, avg_rssi_difference, avg_avg_difference_between_beacons, avg_difference_first_last, 0af0, 1802, 180f, 1812, 1826, 2222, ec88, fd5a, fd6f, fdd2, fddf, fe03, fe07, fe0f, fe61, fe9f, fea0, feb9, febe, fee0, ff0d, ffc0, ffe0
clothing_store, 7, 4, 3, 2, 3, 15, 7, 6, 8, 17, 56, 12, 6, 1, 20, -74, -89, -47, -89, -40, 6, 8097, 46403, 0, 0, 0, 0, 0, 0, 0, 0, 2, 0, 0, 0, 0, 0, 0, 0, 0, 0, 0, 1, 0, 0, 0
clothing_store, 8, 2, 1, 2, 2, 24, 9, 6, 26, 24, 59, 10, 7, 1, 22, -74, -88, -50, -89, -45, 5, 6975, 47640, 0, 0, 0, 0, 0, 0, 0, 0, 1, 0, 0, 0, 0, 0, 0, 0, 0, 0, 0, 0, 0, 0, 0
clothing_store, 9, 3, 0, 3, 4, 19, 7, 6, 12, 23, 85, 13, 7, 2, 19, -72, -86, -44, -89, -40, 5, 16786, 62795, 0, 0, 0, 0, 0, 0, 0, 0, 2, 0, 0, 0, 0, 0, 0, 0, 0, 0, 0, 1, 0, 0, 0
clothing_store, 12, 0, 1, 3, 4, 21, 8, 6, 26, 25, 85, 13, 4, 1, 20, -77, -89, -43, -92, -41, 4, 16708, 48786, 0, 0, 0, 0, 0, 0, 0, 0, 2, 0, 0, 0, 0, 0, 0, 0, 0, 0, 0, 1, 0, 0, 0
clothing_store, 11, 1, 4, 3, 4, 22, 9, 6, 26, 25, 85, 12, 5, 1, 22, -79, -90, -48, -90, -44, 3, 5799, 33406, 0, 0, 0, 0, 0, 0, 0, 0, 2, 0, 0, 0, 0, 0, 0, 0, 0, 0, 0, 1, 0, 0, 0