label, device_count, lost_devices, new_devices, different_services, services_count, txpower_count, tx_power_avg, min_txpower, max_txpower, man_packet_len_count, manufacturer_data_lengths_sum, manufacturer_data_len_avg, avg_received, min_received, max_received, avg_avg_rssi, min_avg_rssi, max_avg_rssi, min_rssi, max_rssi, avg_rssi_difference, avg_avg_difference_between_beacons, avg_difference_first_last, 0af0, 1802, 180f, 1812, 1826, 2222, ec88, fd5a, fd6f, fdd2, fddf, fe03, fe07, fe0f, fe61, fe9f, fea0, feb9, febe, fee0, ff0d, ffc0, ffe0
supermarket, 17, 1, 2, 1, 5, 60, 10, 4, 26, 71, 63, 10, 9, 1, 22, -74, -89, -50, -89, -45, 9, 9112, 58996, 0, 0, 0, 0, 0, 0, 0, 0, 5, 0, 0, 0, 0, 0, 0, 0, 0, 0, 0, 0, 0, 0, 0
supermarket, 16, 0, 3, 1, 6, 63, 10, 7, 26, 77, 85, 10, 10, 1, 22, -74, -86, -49, -89, -43, 9, 7212, 63379, 0, 0, 0, 0, 0, 0, 0, 0, 6, 0, 0, 0, 0, 0, 0, 0, 0, 0, 0, 0, 0, 0, 0
supermarket, 13, 2, 1, 1, 5, 56, 12, 7, 26, 62, 30, 9, 11, 2, 22, -72, -86, -49, -90, -45, 9, 9766, 71908, 0, 0, 0, 0, 0, 0, 0, 0, 5, 0, 0, 0, 0, 0, 0, 0, 0, 0, 0, 0, 0, 0, 0
supermarket, 14, 4, 0, 1, 4, 56, 11, 7, 26, 61, 30, 9, 9, 1, 22, -73, -88, -47, -89, -43, 9, 9155, 66589, 0, 0, 0, 0, 0, 0, 0, 0, 4, 0, 0, 0, 0, 0, 0, 0, 0, 0, 0, 0, 0, 0, 0
supermarket, 18, 0, 5, 1, 5, 60, 11, 7, 26, 65, 85, 10, 8, 1, 22, -75, -88, -47, -89, -41, 6, 8980, 52971, 0, 0, 0, 0, 0, 0, 0, 0, 5, 0, 0, 0, 0, 0, 0, 0, 0, 0, 0, 0, 0, 0, 0