label, device_count, lost_devices, new_devices, different_services, services_count, txpower_count, tx_power_avg, min_txpower, max_txpower, man_packet_len_count, manufacturer_data_lengths_sum, manufacturer_data_len_avg, avg_received, min_received, max_received, avg_avg_rssi, min_avg_rssi, max_avg_rssi, min_rssi, max_rssi, avg_rssi_difference, avg_avg_difference_between_beacons, avg_difference_first_last, 0af0, 1802, 180f, 1812, 1826, 2222, ec88, fd5a, fd6f, fdd2, fddf, fe03, fe07, fe0f, fe61, fe9f, fea0, feb9, febe, fee0, ff0d, ffc0, ffe0
clothing_store, 23, 13, 8, 2, 5, 85, 11, 7, 26, 90, 85, 11, 7, 1, 22, -77, -87, -41, -91, -30, 8, 18154, 62970, 0, 0, 0, 0, 0, 0, 0, 0, 4, 0, 0, 0, 0, 0, 0, 0, 0, 0, 0, 1, 0, 0, 0
clothing_store, 28, 5, 3, 2, 7, 90, 11, 7, 26, 92, 85, 12, 7, 1, 22, -80, -88, -48, -91, -42, 7, 9982, 52088, 0, 0, 0, 0, 0, 0, 0, 0, 6, 0, 0, 0, 0, 0, 0, 0, 0, 0, 0, 1, 0, 0, 0
clothing_store, 30, 10, 4, 2, 8, 71, 10, 7, 26, 77, 120, 12, 5, 1, 20, -80, -89, -48, -90, -45, 6, 9289, 45018, 0, 0, 0, 0, 0, 0, 0, 0, 7, 0, 0, 0, 0, 0, 0, 0, 0, 0, 0, 1, 0, 0, 0
clothing_store, 36, 3, 7, 2, 8, 123, 11, 7, 26, 131, 127, 11, 6, 1, 23, -80, -89, -49, -91, -43, 7, 13914, 54577, 0, 0, 0, 0, 0, 0, 0, 0, 7, 0, 0, 0, 0, 0, 0, 0, 0, 0, 0, 1, 0, 0, 0
clothing_store, 32, 4, 0, 2, 8, 123, 11, 7, 26, 126, 85, 11, 8, 1, 21, -78, -89, -50, -90, -42, 7, 14903, 59043, 0, 0, 0, 0, 0, 0, 0, 0, 7, 0, 0, 0, 0, 0, 0, 0, 0, 0, 0, 1, 0, 0, 0