label, device_count, lost_devices, new_devices, different_services, services_count, txpower_count, tx_power_avg, min_txpower, max_txpower, man_packet_len_count, manufacturer_data_lengths_sum, manufacturer_data_len_avg, avg_received, min_received, max_received, avg_avg_rssi, min_avg_rssi, max_avg_rssi, min_rssi, max_rssi, avg_rssi_difference, avg_avg_difference_between_beacons, avg_difference_first_last, 0af0, 1802, 180f, 1812, 1826, 2222, ec88, fd5a, fd6f, fdd2, fddf, fe03, fe07, fe0f, fe61, fe9f, fea0, feb9, febe, fee0, ff0d, ffc0, ffe0
clothing_store, 27, 0, 3, 1, 5, 137, 13, 7, 26, 129, 59, 10, 10, 1, 22, -76, -88, -43, -90, -39, 9, 9957, 64519, 0, 0, 0, 0, 0, 0, 0, 0, 5, 0, 0, 0, 0, 0, 0, 0, 0, 0, 0, 0, 0, 0, 0
clothing_store, 24, 3, 1, 1, 3, 135, 12, 7, 26, 125, 59, 10, 10, 1, 23, -76, -86, -44, -90, -39, 9, 6968, 65907, 0, 0, 0, 0, 0, 0, 0, 0, 3, 0, 0, 0, 0, 0, 0, 0, 0, 0, 0, 0, 0, 0, 0
clothing_store, 26, 2, 5, 1, 3, 115, 12, 7, 26, 113, 59, 10, 8, 1, 22, -79, -90, -48, -91, -45, 7, 9833, 58243, 0, 0, 0, 0, 0, 0, 0, 0, 3, 0, 0, 0, 0, 0, 0, 0, 0, 0, 0, 0, 0, 0, 0
clothing_store, 23, 4, 2, 1, 3, 95, 11, 7, 26, 104, 64, 10, 8, 1, 22, -79, -89, -49, -91, -41, 7, 6441, 55369, 0, 0, 0, 0, 0, 0, 0, 0, 3, 0, 0, 0, 0, 0, 0, 0, 0, 0, 0, 0, 0, 0, 0
clothing_store, 25, 1, 8, 2, 4, 85, 11, 7, 26, 115, 85, 11, 8, 1, 28, -80, -92, -41, -92, -34, 6, 6213, 46628, 0, 0, 0, 0, 0, 0, 0, 0, 3, 0, 0, 0, 0, 0, 0, 0, 0, 0, 0, 1, 0, 0, 0