label, device_count, lost_devices, new_devices, different_services, services_count, txpower_count, tx_power_avg, min_txpower, max_txpower, man_packet_len_count, manufacturer_data_lengths_sum, manufacturer_data_len_avg, avg_received, min_received, max_received, avg_avg_rssi, min_avg_rssi, max_avg_rssi, min_rssi, max_rssi, avg_rssi_difference, avg_avg_difference_between_beacons, avg_difference_first_last, 0af0, 1802, 180f, 1812, 1826, 2222, ec88, fd5a, fd6f, fdd2, fddf, fe03, fe07, fe0f, fe61, fe9f, fea0, feb9, febe, fee0, ff0d, ffc0, ffe0
clothing_store, 21, 1, 1, 1, 4, 123, 12, 7, 26, 113, 59, 10, 11, 1, 24, -73, -85, -49, -91, -43, 10, 9163, 70353, 0, 0, 0, 0, 0, 0, 0, 0, 4, 0, 0, 0, 0, 0, 0, 0, 0, 0, 0, 0, 0, 0, 0
clothing_store, 21, 0, 1, 1, 3, 119, 13, 7, 26, 112, 59, 11, 11, 1, 24, -74, -85, -46, -90, -41, 11, 12096, 70686, 0, 0, 0, 0, 0, 0, 0, 0, 3, 0, 0, 0, 0, 0, 0, 0, 0, 0, 0, 0, 0, 0, 0
clothing_store, 20, 5, 0, 1, 3, 102, 12, 7, 26, 93, 59, 10, 10, 1, 24, -74, -89, -45, -93, -33, 10, 10514, 68087, 0, 0, 0, 0, 0, 0, 0, 0, 3, 0, 0, 0, 0, 0, 0, 0, 0, 0, 0, 0, 0, 0, 0
clothing_store, 25, 1, 0, 1, 4, 116, 13, 6, 26, 104, 59, 10, 9, 1, 24, -75, -90, -46, -93, -42, 8, 8633, 56087, 0, 0, 0, 0, 0, 0, 0, 0, 4, 0, 0, 0, 0, 0, 0, 0, 0, 0, 0, 0, 0, 0, 0
clothing_store, 26, 2, 1, 1, 4, 139, 13, 6, 26, 129, 59, 10, 10, 1, 27, -76, -90, -46, -91, -39, 8, 7815, 61365, 0, 0, 0, 0, 0, 0, 0, 0, 4, 0, 0, 0, 0, 0, 0, 0, 0, 0, 0, 0, 0, 0, 0