label, device_count, lost_devices, new_devices, different_services, services_count, txpower_count, tx_power_avg, min_txpower, max_txpower, man_packet_len_count, manufacturer_data_lengths_sum, manufacturer_data_len_avg, avg_received, min_received, max_received, avg_avg_rssi, min_avg_rssi, max_avg_rssi, min_rssi, max_rssi, avg_rssi_difference, avg_avg_difference_between_beacons, avg_difference_first_last, 0af0, 1802, 180f, 1812, 1826, 2222, ec88, fd5a, fd6f, fdd2, fddf, fe03, fe07, fe0f, fe61, fe9f, fea0, feb9, febe, fee0, ff0d, ffc0, ffe0
clothing_store, 25, 2, 2, 1, 5, 124, 12, 7, 26, 115, 59, 10, 9, 1, 19, -79, -90, -43, -92, -38, 8, 6893, 58235, 0, 0, 0, 0, 0, 0, 0, 0, 5, 0, 0, 0, 0, 0, 0, 0, 0, 0, 0, 0, 0, 0, 0
clothing_store, 25, 0, 6, 1, 4, 121, 12, 7, 26, 114, 59, 10, 9, 1, 22, -78, -91, -44, -91, -39, 7, 7403, 55588, 0, 0, 0, 0, 0, 0, 0, 0, 4, 0, 0, 0, 0, 0, 0, 0, 0, 0, 0, 0, 0, 0, 0
clothing_store, 19, 4, 2, 1, 3, 94, 12, 7, 26, 82, 59, 10, 9, 1, 28, -77, -88, -45, -89, -39, 7, 5885, 55031, 0, 0, 0, 0, 0, 0, 0, 0, 3, 0, 0, 0, 0, 0, 0, 0, 0, 0, 0, 0, 0, 0, 0
clothing_store, 21, 2, 2, 1, 4, 99, 12, 7, 26, 85, 59, 10, 9, 1, 28, -78, -90, -45, -90, -38, 8, 10097, 61403, 0, 0, 0, 0, 0, 0, 0, 0, 4, 0, 0, 0, 0, 0, 0, 0, 0, 0, 0, 0, 0, 0, 0
clothing_store, 21, 1, 1, 1, 4, 119, 12, 7, 26, 108, 59, 10, 11, 1, 26, -77, -86, -43, -90, -36, 8, 9276, 70827, 0, 0, 0, 0, 0, 0, 0, 0, 4, 0, 0, 0, 0, 0, 0, 0, 0, 0, 0, 0, 0, 0, 0