label, device_count, lost_devices, new_devices, different_services, services_count, txpower_count, tx_power_avg, min_txpower, max_txpower, man_packet_len_count, manufacturer_data_lengths_sum, manufacturer_data_len_avg, avg_received, min_received, max_received, avg_avg_rssi, min_avg_rssi, max_avg_rssi, min_rssi, max_rssi, avg_rssi_difference, avg_avg_difference_between_beacons, avg_difference_first_last, 0af0, 1802, 180f, 1812, 1826, 2222, ec88, fd5a, fd6f, fdd2, fddf, fe03, fe07, fe0f, fe61, fe9f, fea0, feb9, febe, fee0, ff0d, ffc0, ffe0
clothing_store, 31, 2, 8, 2, 9, 126, 11, 7, 26, 117, 82, 10, 9, 1, 26, -76, -91, -48, -91, -44, 9, 7459, 53870, 1, 0, 0, 0, 0, 0, 0, 0, 8, 0, 0, 0, 0, 0, 0, 0, 0, 0, 0, 0, 0, 0, 0
clothing_store, 25, 4, 3, 1, 6, 125, 12, 7, 26, 112, 59, 10, 11, 1, 25, -76, -89, -48, -90, -44, 11, 8952, 66927, 0, 0, 0, 0, 0, 0, 0, 0, 6, 0, 0, 0, 0, 0, 0, 0, 0, 0, 0, 0, 0, 0, 0
clothing_store, 26, 6, 0, 2, 7, 120, 12, 7, 26, 112, 67, 10, 10, 1, 25, -76, -87, -48, -91, -42, 11, 9475, 65693, 1, 0, 0, 0, 0, 0, 0, 0, 6, 0, 0, 0, 0, 0, 0, 0, 0, 0, 0, 0, 0, 0, 0
clothing_store, 32, 2, 3, 2, 7, 144, 12, 7, 26, 139, 67, 10, 9, 1, 21, -77, -90, -48, -91, -40, 10, 10767, 63471, 1, 0, 0, 0, 0, 0, 0, 0, 6, 0, 0, 0, 0, 0, 0, 0, 0, 0, 0, 0, 0, 0, 0
clothing_store, 31, 1, 5, 1, 7, 155, 13, 7, 26, 146, 59, 10, 10, 1, 27, -76, -90, -47, -93, -41, 10, 11908, 66403, 0, 0, 0, 0, 0, 0, 0, 0, 7, 0, 0, 0, 0, 0, 0, 0, 0, 0, 0, 0, 0, 0, 0