label, device_count, lost_devices, new_devices, different_services, services_count, txpower_count, tx_power_avg, min_txpower, max_txpower, man_packet_len_count, manufacturer_data_lengths_sum, manufacturer_data_len_avg, avg_received, min_received, max_received, avg_avg_rssi, min_avg_rssi, max_avg_rssi, min_rssi, max_rssi, avg_rssi_difference, avg_avg_difference_between_beacons, avg_difference_first_last, 0af0, 1802, 180f, 1812, 1826, 2222, ec88, fd5a, fd6f, fdd2, fddf, fe03, fe07, fe0f, fe61, fe9f, fea0, feb9, febe, fee0, ff0d, ffc0, ffe0
supermarket, 7, 3, 0, 4, 4, 21, 9, 8, 12, 39, 46, 17, 15, 1, 40, -68, -91, -38, -91, -33, 10, 6344, 73366, 0, 0, 1, 0, 0, 0, 0, 0, 1, 0, 0, 0, 0, 0, 0, 0, 0, 0, 1, 0, 0, 0, 0
supermarket, 10, 0, 4, 4, 5, 15, 9, 8, 12, 37, 72, 19, 10, 1, 39, -71, -88, -37, -88, -35, 8, 3798, 47645, 0, 0, 1, 0, 0, 0, 0, 0, 1, 0, 0, 0, 0, 0, 0, 0, 0, 0, 2, 0, 0, 0, 0
supermarket, 6, 2, 0, 3, 3, 17, 9, 8, 12, 42, 46, 19, 20, 4, 50, -62, -80, -37, -84, -33, 9, 7310, 79902, 0, 0, 1, 0, 0, 0, 0, 0, 1, 0, 0, 0, 0, 0, 0, 0, 0, 0, 0, 0, 0, 0, 0
supermarket, 8, 0, 1, 3, 3, 22, 9, 8, 12, 49, 72, 18, 17, 1, 47, -66, -87, -39, -87, -35, 13, 7329, 76727, 0, 0, 1, 0, 0, 0, 0, 0, 1, 0, 0, 0, 0, 0, 0, 0, 0, 0, 0, 0, 0, 0, 0
supermarket, 7, 2, 0, 3, 3, 20, 9, 8, 12, 45, 46, 18, 18, 1, 48, -62, -82, -40, -90, -34, 13, 4994, 70715, 0, 0, 1, 0, 0, 0, 0, 0, 1, 0, 0, 0, 0, 0, 0, 0, 0, 0, 0, 0, 0, 0, 0