label, device_count, lost_devices, new_devices, different_services, services_count, txpower_count, tx_power_avg, min_txpower, max_txpower, man_packet_len_count, manufacturer_data_lengths_sum, manufacturer_data_len_avg, avg_received, min_received, max_received, avg_avg_rssi, min_avg_rssi, max_avg_rssi, min_rssi, max_rssi, avg_rssi_difference, avg_avg_difference_between_beacons, avg_difference_first_last, 0af0, 1802, 180f, 1812, 1826, 2222, ec88, fd5a, fd6f, fdd2, fddf, fe03, fe07, fe0f, fe61, fe9f, fea0, feb9, febe, fee0, ff0d, ffc0, ffe0
supermarket, 16, 0, 1, 3, 8, 46, 9, 4, 26, 49, 92, 11, 8, 2, 19, -78, -88, -51, -90, -42, 9, 7270, 55084, 0, 0, 0, 0, 0, 0, 0, 0, 6, 0, 0, 0, 0, 0, 0, 0, 0, 0, 0, 1, 0, 0, 0
supermarket, 15, 0, 0, 2, 7, 46, 8, 4, 26, 58, 92, 13, 9, 4, 21, -75, -86, -47, -89, -44, 9, 10568, 69555, 0, 0, 0, 0, 0, 0, 0, 0, 6, 0, 0, 0, 0, 0, 0, 0, 0, 0, 0, 0, 0, 0, 0
supermarket, 15, 0, 1, 2, 7, 57, 9, 4, 26, 87, 92, 15, 12, 3, 29, -73, -86, -43, -89, -39, 12, 8374, 76347, 0, 0, 0, 0, 0, 0, 0, 0, 6, 0, 0, 0, 0, 0, 0, 0, 0, 0, 0, 0, 0, 0, 0
supermarket, 14, 2, 0, 2, 7, 48, 9, 7, 26, 68, 85, 15, 12, 2, 21, -72, -83, -46, -92, -38, 10, 7592, 79992, 0, 0, 0, 0, 0, 0, 0, 0, 6, 0, 0, 0, 0, 0, 0, 0, 0, 0, 0, 0, 0, 0, 0
supermarket, 16, 0, 2, 2, 8, 52, 9, 4, 26, 62, 92, 11, 9, 2, 22, -74, -86, -43, -90, -38, 9, 7797, 66549, 0, 0, 0, 0, 0, 0, 0, 0, 7, 0, 0, 0, 0, 0, 0, 0, 0, 0, 0, 0, 0, 0, 0