label, device_count, lost_devices, new_devices, different_services, services_count, txpower_count, tx_power_avg, min_txpower, max_txpower, man_packet_len_count, manufacturer_data_lengths_sum, manufacturer_data_len_avg, avg_received, min_received, max_received, avg_avg_rssi, min_avg_rssi, max_avg_rssi, min_rssi, max_rssi, avg_rssi_difference, avg_avg_difference_between_beacons, avg_difference_first_last, 0af0, 1802, 180f, 1812, 1826, 2222, ec88, fd5a, fd6f, fdd2, fddf, fe03, fe07, fe0f, fe61, fe9f, fea0, feb9, febe, fee0, ff0d, ffc0, ffe0
supermarket, 11, 2, 0, 1, 4, 36, 10, 4, 26, 39, 66, 11, 8, 3, 22, -77, -87, -54, -90, -46, 8, 14674, 70540, 0, 0, 0, 0, 0, 0, 0, 0, 4, 0, 0, 0, 0, 0, 0, 0, 0, 0, 0, 0, 0, 0, 0
supermarket, 13, 2, 2, 2, 6, 35, 9, 4, 26, 37, 92, 10, 8, 1, 22, -78, -89, -50, -90, -42, 7, 12442, 64303, 0, 0, 0, 0, 0, 0, 0, 0, 5, 0, 0, 0, 0, 0, 0, 0, 0, 0, 0, 1, 0, 0, 0
supermarket, 13, 0, 2, 1, 5, 37, 10, 4, 26, 39, 66, 10, 8, 1, 22, -77, -87, -54, -91, -48, 8, 8227, 62086, 0, 0, 0, 0, 0, 0, 0, 0, 5, 0, 0, 0, 0, 0, 0, 0, 0, 0, 0, 0, 0, 0, 0
supermarket, 11, 1, 0, 1, 5, 31, 10, 4, 26, 32, 37, 9, 8, 4, 18, -75, -85, -50, -90, -46, 8, 10901, 65732, 0, 0, 0, 0, 0, 0, 0, 0, 5, 0, 0, 0, 0, 0, 0, 0, 0, 0, 0, 0, 0, 0, 0
supermarket, 12, 0, 3, 1, 5, 29, 9, 4, 26, 30, 63, 10, 7, 1, 20, -78, -88, -50, -90, -44, 8, 11308, 54342, 0, 0, 0, 0, 0, 0, 0, 0, 5, 0, 0, 0, 0, 0, 0, 0, 0, 0, 0, 0, 0, 0, 0