label, device_count, lost_devices, new_devices, different_services, services_count, txpower_count, tx_power_avg, min_txpower, max_txpower, man_packet_len_count, manufacturer_data_lengths_sum, manufacturer_data_len_avg, avg_received, min_received, max_received, avg_avg_rssi, min_avg_rssi, max_avg_rssi, min_rssi, max_rssi, avg_rssi_difference, avg_avg_difference_between_beacons, avg_difference_first_last, 0af0, 1802, 180f, 1812, 1826, 2222, ec88, fd5a, fd6f, fdd2, fddf, fe03, fe07, fe0f, fe61, fe9f, fea0, feb9, febe, fee0, ff0d, ffc0, ffe0
supermarket, 16, 1, 5, 1, 4, 52, 12, 4, 26, 66, 96, 10, 9, 1, 19, -76, -89, -52, -90, -45, 9, 10205, 63283, 0, 0, 0, 0, 0, 0, 0, 0, 4, 0, 0, 0, 0, 0, 0, 0, 0, 0, 0, 0, 0, 0, 0
supermarket, 12, 2, 0, 1, 4, 48, 11, 8, 26, 58, 30, 9, 12, 4, 19, -75, -86, -54, -89, -49, 10, 7604, 76498, 0, 0, 0, 0, 0, 0, 0, 0, 4, 0, 0, 0, 0, 0, 0, 0, 0, 0, 0, 0, 0, 0, 0
supermarket, 14, 3, 0, 1, 4, 56, 10, 8, 26, 68, 59, 10, 10, 1, 19, -78, -86, -55, -90, -50, 9, 6480, 66864, 0, 0, 0, 0, 0, 0, 0, 0, 4, 0, 0, 0, 0, 0, 0, 0, 0, 0, 0, 0, 0, 0, 0
supermarket, 17, 2, 2, 1, 4, 57, 10, 7, 26, 67, 92, 11, 9, 1, 21, -78, -89, -52, -90, -44, 9, 10953, 62042, 0, 0, 0, 0, 0, 0, 0, 0, 4, 0, 0, 0, 0, 0, 0, 0, 0, 0, 0, 0, 0, 0, 0
supermarket, 17, 5, 0, 1, 4, 65, 9, 4, 26, 80, 66, 13, 10, 1, 19, -77, -87, -51, -91, -45, 10, 7458, 63893, 0, 0, 0, 0, 0, 0, 0, 0, 4, 0, 0, 0, 0, 0, 0, 0, 0, 0, 0, 0, 0, 0, 0