label, device_count, lost_devices, new_devices, different_services, services_count, txpower_count, tx_power_avg, min_txpower, max_txpower, man_packet_len_count, manufacturer_data_lengths_sum, manufacturer_data_len_avg, avg_received, min_received, max_received, avg_avg_rssi, min_avg_rssi, max_avg_rssi, min_rssi, max_rssi, avg_rssi_difference, avg_avg_difference_between_beacons, avg_difference_first_last, 0af0, 1802, 180f, 1812, 1826, 2222, ec88, fd5a, fd6f, fdd2, fddf, fe03, fe07, fe0f, fe61, fe9f, fea0, feb9, febe, fee0, ff0d, ffc0, ffe0
supermarket, 9, 1, 0, 1, 2, 36, 8, 7, 12, 75, 59, 19, 13, 3, 24, -73, -87, -53, -90, -48, 13, 9627, 83424, 0, 0, 0, 0, 0, 0, 0, 0, 2, 0, 0, 0, 0, 0, 0, 0, 0, 0, 0, 0, 0, 0, 0
supermarket, 10, 1, 0, 1, 2, 36, 8, 7, 12, 72, 65, 18, 11, 2, 23, -71, -87, -49, -89, -46, 10, 7326, 72855, 0, 0, 0, 0, 0, 0, 0, 0, 2, 0, 0, 0, 0, 0, 0, 0, 0, 0, 0, 0, 0, 0, 0
supermarket, 11, 1, 1, 1, 2, 36, 8, 7, 12, 70, 65, 18, 10, 1, 23, -75, -90, -49, -91, -47, 6, 8734, 71220, 0, 0, 0, 0, 0, 0, 0, 0, 2, 0, 0, 0, 0, 0, 0, 0, 0, 0, 0, 0, 0, 0, 0
supermarket, 11, 0, 1, 1, 2, 39, 9, 7, 24, 70, 59, 17, 10, 1, 18, -74, -89, -47, -89, -44, 9, 8324, 76665, 0, 0, 0, 0, 0, 0, 0, 0, 2, 0, 0, 0, 0, 0, 0, 0, 0, 0, 0, 0, 0, 0, 0
supermarket, 10, 3, 0, 1, 2, 46, 8, 7, 12, 87, 59, 18, 13, 7, 27, -73, -86, -46, -89, -43, 11, 7857, 84906, 0, 0, 0, 0, 0, 0, 0, 0, 2, 0, 0, 0, 0, 0, 0, 0, 0, 0, 0, 0, 0, 0, 0