label, device_count, lost_devices, new_devices, different_services, services_count, txpower_count, tx_power_avg, min_txpower, max_txpower, man_packet_len_count, manufacturer_data_lengths_sum, manufacturer_data_len_avg, avg_received, min_received, max_received, avg_avg_rssi, min_avg_rssi, max_avg_rssi, min_rssi, max_rssi, avg_rssi_difference, avg_avg_difference_between_beacons, avg_difference_first_last, 0af0, 1802, 180f, 1812, 1826, 2222, ec88, fd5a, fd6f, fdd2, fddf, fe03, fe07, fe0f, fe61, fe9f, fea0, feb9, febe, fee0, ff0d, ffc0, ffe0
supermarket, 6, 0, 1, 1, 2, 18, 7, 7, 8, 40, 50, 20, 11, 1, 21, -72, -88, -51, -90, -46, 11, 7039, 67913, 0, 0, 0, 0, 0, 0, 0, 0, 2, 0, 0, 0, 0, 0, 0, 0, 0, 0, 0, 0, 0, 0, 0
supermarket, 5, 1, 2, 1, 2, 14, 7, 7, 8, 33, 50, 21, 11, 2, 22, -69, -84, -51, -87, -45, 11, 7681, 64636, 0, 0, 0, 0, 0, 0, 0, 0, 2, 0, 0, 0, 0, 0, 0, 0, 0, 0, 0, 0, 0, 0, 0
supermarket, 4, 0, 0, 1, 1, 8, 8, 8, 8, 28, 40, 23, 11, 1, 19, -65, -85, -49, -86, -46, 5, 4921, 64310, 0, 0, 0, 0, 0, 0, 0, 0, 1, 0, 0, 0, 0, 0, 0, 0, 0, 0, 0, 0, 0, 0, 0
supermarket, 4, 3, 0, 1, 1, 11, 8, 8, 8, 42, 40, 24, 15, 4, 27, -67, -86, -54, -88, -47, 11, 7091, 76677, 0, 0, 0, 0, 0, 0, 0, 0, 1, 0, 0, 0, 0, 0, 0, 0, 0, 0, 0, 0, 0, 0, 0
supermarket, 7, 1, 2, 1, 2, 15, 8, 7, 12, 44, 50, 22, 9, 1, 24, -75, -88, -51, -89, -46, 7, 12966, 62396, 0, 0, 0, 0, 0, 0, 0, 0, 2, 0, 0, 0, 0, 0, 0, 0, 0, 0, 0, 0, 0, 0, 0