label, device_count, lost_devices, new_devices, different_services, services_count, txpower_count, tx_power_avg, min_txpower, max_txpower, man_packet_len_count, manufacturer_data_lengths_sum, manufacturer_data_len_avg, avg_received, min_received, max_received, avg_avg_rssi, min_avg_rssi, max_avg_rssi, min_rssi, max_rssi, avg_rssi_difference, avg_avg_difference_between_beacons, avg_difference_first_last, 0af0, 1802, 180f, 1812, 1826, 2222, ec88, fd5a, fd6f, fdd2, fddf, fe03, fe07, fe0f, fe61, fe9f, fea0, feb9, febe, fee0, ff0d, ffc0, ffe0
supermarket, 13, 1, 6, 2, 6, 23, 9, 7, 12, 51, 59, 20, 7, 1, 23, -78, -88, -54, -90, -49, 7, 8854, 53521, 0, 0, 0, 0, 0, 0, 0, 0, 5, 0, 0, 0, 0, 0, 0, 0, 0, 0, 1, 0, 0, 0, 0
supermarket, 8, 1, 3, 2, 4, 17, 7, 7, 12, 38, 50, 20, 8, 1, 21, -75, -89, -49, -89, -44, 6, 5387, 52572, 0, 0, 0, 0, 0, 0, 0, 0, 3, 0, 0, 0, 0, 0, 0, 0, 0, 0, 1, 0, 0, 0, 0
supermarket, 6, 0, 1, 1, 2, 18, 7, 7, 8, 40, 50, 20, 11, 1, 21, -72, -88, -51, -90, -46, 11, 7039, 67913, 0, 0, 0, 0, 0, 0, 0, 0, 2, 0, 0, 0, 0, 0, 0, 0, 0, 0, 0, 0, 0, 0, 0
supermarket, 5, 1, 2, 1, 2, 14, 7, 7, 8, 33, 50, 21, 11, 2, 22, -69, -84, -51, -87, -45, 11, 7681, 64636, 0, 0, 0, 0, 0, 0, 0, 0, 2, 0, 0, 0, 0, 0, 0, 0, 0, 0, 0, 0, 0, 0, 0
supermarket, 4, 0, 0, 1, 1, 8, 8, 8, 8, 28, 40, 23, 11, 1, 19, -65, -85, -49, -86, -46, 5, 4921, 64310, 0, 0, 0, 0, 0, 0, 0, 0, 1, 0, 0, 0, 0, 0, 0, 0, 0, 0, 0, 0, 0, 0, 0