label, device_count, lost_devices, new_devices, different_services, services_count, txpower_count, tx_power_avg, min_txpower, max_txpower, man_packet_len_count, manufacturer_data_lengths_sum, manufacturer_data_len_avg, avg_received, min_received, max_received, avg_avg_rssi, min_avg_rssi, max_avg_rssi, min_rssi, max_rssi, avg_rssi_difference, avg_avg_difference_between_beacons, avg_difference_first_last, 0af0, 1802, 180f, 1812, 1826, 2222, ec88, fd5a, fd6f, fdd2, fddf, fe03, fe07, fe0f, fe61, fe9f, fea0, feb9, febe, fee0, ff0d, ffc0, ffe0
supermarket, 26, 1, 2, 2, 7, 87, 10, 7, 26, 127, 59, 15, 9, 1, 21, -77, -88, -52, -89, -47, 9, 8020, 66556, 0, 0, 0, 0, 0, 0, 0, 0, 6, 0, 0, 0, 0, 0, 0, 0, 0, 0, 1, 0, 0, 0, 0
supermarket, 25, 0, 6, 2, 7, 63, 9, 7, 26, 103, 65, 16, 7, 1, 23, -79, -89, -56, -89, -48, 9, 10294, 56386, 0, 0, 0, 0, 0, 0, 0, 0, 6, 0, 0, 0, 0, 0, 0, 0, 0, 0, 1, 0, 0, 0, 0
supermarket, 19, 0, 6, 2, 7, 40, 8, 7, 12, 72, 59, 18, 7, 1, 22, -80, -88, -56, -89, -47, 9, 11530, 51172, 0, 0, 0, 0, 0, 0, 0, 0, 6, 0, 0, 0, 0, 0, 0, 0, 0, 0, 1, 0, 0, 0, 0
supermarket, 13, 1, 6, 2, 6, 23, 9, 7, 12, 51, 59, 20, 7, 1, 23, -78, -88, -54, -90, -49, 7, 8854, 53521, 0, 0, 0, 0, 0, 0, 0, 0, 5, 0, 0, 0, 0, 0, 0, 0, 0, 0, 1, 0, 0, 0, 0
supermarket, 8, 1, 3, 2, 4, 17, 7, 7, 12, 38, 50, 20, 8, 1, 21, -75, -89, -49, -89, -44, 6, 5387, 52572, 0, 0, 0, 0, 0, 0, 0, 0, 3, 0, 0, 0, 0, 0, 0, 0, 0, 0, 1, 0, 0, 0, 0