label, device_count, lost_devices, new_devices, different_services, services_count, txpower_count, tx_power_avg, min_txpower, max_txpower, man_packet_len_count, manufacturer_data_lengths_sum, manufacturer_data_len_avg, avg_received, min_received, max_received, avg_avg_rssi, min_avg_rssi, max_avg_rssi, min_rssi, max_rssi, avg_rssi_difference, avg_avg_difference_between_beacons, avg_difference_first_last, 0af0, 1802, 180f, 1812, 1826, 2222, ec88, fd5a, fd6f, fdd2, fddf, fe03, fe07, fe0f, fe61, fe9f, fea0, feb9, febe, fee0, ff0d, ffc0, ffe0
supermarket, 13, 2, 0, 2, 6, 43, 10, 6, 12, 32, 35, 9, 8, 1, 29, -80, -89, -50, -90, -44, 5, 20621, 67529, 1, 0, 0, 0, 0, 0, 0, 0, 5, 0, 0, 0, 0, 0, 0, 0, 0, 0, 0, 0, 0, 0, 0
supermarket, 15, 4, 2, 3, 7, 40, 10, 6, 24, 78, 79, 17, 12, 1, 78, -78, -89, -47, -91, -45, 8, 9287, 60082, 1, 0, 0, 0, 0, 0, 0, 0, 5, 0, 0, 0, 0, 0, 1, 0, 0, 0, 0, 0, 0, 0, 0
supermarket, 17, 3, 0, 1, 6, 39, 10, 6, 24, 69, 103, 16, 9, 1, 54, -79, -90, -48, -91, -46, 6, 9930, 49494, 0, 0, 0, 0, 0, 0, 0, 0, 6, 0, 0, 0, 0, 0, 0, 0, 0, 0, 0, 0, 0, 0, 0
supermarket, 20, 2, 3, 2, 8, 58, 10, 6, 26, 87, 78, 11, 9, 1, 36, -80, -90, -48, -91, -44, 6, 8570, 48606, 0, 0, 0, 0, 0, 0, 0, 0, 7, 0, 0, 0, 0, 0, 1, 0, 0, 0, 0, 0, 0, 0, 0
supermarket, 19, 1, 0, 2, 9, 74, 10, 6, 24, 92, 56, 13, 11, 3, 43, -78, -87, -49, -89, -45, 8, 11404, 74153, 0, 0, 0, 0, 0, 0, 0, 0, 8, 0, 0, 0, 0, 0, 1, 0, 0, 0, 0, 0, 0, 0, 0