label, device_count, lost_devices, new_devices, different_services, services_count, txpower_count, tx_power_avg, min_txpower, max_txpower, man_packet_len_count, manufacturer_data_lengths_sum, manufacturer_data_len_avg, avg_received, min_received, max_received, avg_avg_rssi, min_avg_rssi, max_avg_rssi, min_rssi, max_rssi, avg_rssi_difference, avg_avg_difference_between_beacons, avg_difference_first_last, 0af0, 1802, 180f, 1812, 1826, 2222, ec88, fd5a, fd6f, fdd2, fddf, fe03, fe07, fe0f, fe61, fe9f, fea0, feb9, febe, fee0, ff0d, ffc0, ffe0
supermarket, 13, 2, 1, 1, 5, 30, 10, 7, 26, 29, 55, 13, 8, 1, 29, -79, -93, -47, -93, -41, 5, 6399, 50109, 0, 0, 0, 0, 0, 0, 0, 0, 5, 0, 0, 0, 0, 0, 0, 0, 0, 0, 0, 0, 0, 0, 0
supermarket, 14, 2, 2, 1, 6, 44, 10, 6, 12, 72, 55, 15, 12, 1, 40, -78, -87, -50, -90, -44, 8, 11190, 67463, 0, 0, 0, 0, 0, 0, 0, 0, 6, 0, 0, 0, 0, 0, 0, 0, 0, 0, 0, 0, 0, 0, 0
supermarket, 14, 3, 1, 1, 6, 46, 10, 6, 24, 33, 30, 10, 7, 1, 25, -79, -90, -48, -90, -42, 6, 10429, 58237, 0, 0, 0, 0, 0, 0, 0, 0, 6, 0, 0, 0, 0, 0, 0, 0, 0, 0, 0, 0, 0, 0, 0
supermarket, 16, 1, 3, 2, 7, 53, 11, 6, 26, 41, 30, 9, 7, 1, 22, -80, -90, -49, -90, -44, 6, 15327, 62436, 1, 0, 0, 0, 0, 0, 0, 0, 6, 0, 0, 0, 0, 0, 0, 0, 0, 0, 0, 0, 0, 0, 0
supermarket, 14, 3, 2, 1, 7, 40, 10, 7, 24, 28, 30, 10, 6, 1, 23, -80, -89, -48, -90, -44, 5, 15807, 59567, 0, 0, 0, 0, 0, 0, 0, 0, 7, 0, 0, 0, 0, 0, 0, 0, 0, 0, 0, 0, 0, 0, 0