label, device_count, lost_devices, new_devices, different_services, services_count, txpower_count, tx_power_avg, min_txpower, max_txpower, man_packet_len_count, manufacturer_data_lengths_sum, manufacturer_data_len_avg, avg_received, min_received, max_received, avg_avg_rssi, min_avg_rssi, max_avg_rssi, min_rssi, max_rssi, avg_rssi_difference, avg_avg_difference_between_beacons, avg_difference_first_last, 0af0, 1802, 180f, 1812, 1826, 2222, ec88, fd5a, fd6f, fdd2, fddf, fe03, fe07, fe0f, fe61, fe9f, fea0, feb9, febe, fee0, ff0d, ffc0, ffe0
supermarket, 14, 0, 0, 2, 6, 62, 12, 6, 24, 50, 51, 10, 10, 2, 22, -78, -86, -48, -91, -45, 8, 8967, 68897, 0, 0, 0, 0, 0, 0, 0, 0, 5, 0, 0, 0, 0, 0, 1, 0, 0, 0, 0, 0, 0, 0, 0
supermarket, 14, 0, 0, 2, 6, 55, 13, 6, 24, 47, 30, 9, 9, 1, 21, -78, -88, -53, -89, -45, 9, 10550, 65801, 0, 0, 0, 0, 0, 0, 0, 0, 5, 0, 0, 0, 0, 0, 1, 0, 0, 0, 0, 0, 0, 0, 0
supermarket, 14, 0, 0, 2, 6, 69, 12, 6, 24, 57, 51, 10, 12, 5, 28, -77, -86, -46, -92, -44, 7, 9372, 83078, 0, 0, 0, 0, 0, 0, 0, 0, 5, 0, 0, 0, 0, 0, 1, 0, 0, 0, 0, 0, 0, 0, 0
supermarket, 14, 0, 0, 2, 6, 68, 13, 6, 24, 58, 51, 10, 11, 3, 24, -77, -84, -47, -90, -45, 9, 9906, 81496, 0, 0, 0, 0, 0, 0, 0, 0, 5, 0, 0, 0, 0, 0, 1, 0, 0, 0, 0, 0, 0, 0, 0
supermarket, 14, 0, 0, 2, 6, 82, 12, 6, 24, 63, 51, 9, 12, 4, 32, -76, -86, -47, -88, -42, 9, 9281, 80139, 0, 0, 0, 0, 0, 0, 0, 0, 5, 0, 0, 0, 0, 0, 1, 0, 0, 0, 0, 0, 0, 0, 0