label, device_count, lost_devices, new_devices, different_services, services_count, txpower_count, tx_power_avg, min_txpower, max_txpower, man_packet_len_count, manufacturer_data_lengths_sum, manufacturer_data_len_avg, avg_received, min_received, max_received, avg_avg_rssi, min_avg_rssi, max_avg_rssi, min_rssi, max_rssi, avg_rssi_difference, avg_avg_difference_between_beacons, avg_difference_first_last, 0af0, 1802, 180f, 1812, 1826, 2222, ec88, fd5a, fd6f, fdd2, fddf, fe03, fe07, fe0f, fe61, fe9f, fea0, feb9, febe, fee0, ff0d, ffc0, ffe0
supermarket, 14, 2, 0, 2, 6, 61, 13, 6, 24, 45, 30, 9, 11, 4, 27, -77, -86, -47, -91, -44, 9, 9516, 78129, 0, 0, 0, 0, 0, 0, 0, 0, 5, 0, 0, 0, 0, 0, 1, 0, 0, 0, 0, 0, 0, 0, 0
supermarket, 16, 0, 3, 2, 7, 62, 13, 6, 24, 50, 51, 10, 8, 1, 23, -80, -89, -47, -90, -40, 6, 10702, 62499, 0, 0, 0, 0, 0, 0, 0, 0, 6, 0, 0, 0, 0, 0, 1, 0, 0, 0, 0, 0, 0, 0, 0
supermarket, 13, 1, 0, 1, 5, 48, 13, 6, 24, 35, 30, 9, 8, 2, 22, -79, -86, -52, -90, -40, 6, 9835, 50405, 0, 0, 0, 0, 0, 0, 0, 0, 5, 0, 0, 0, 0, 0, 0, 0, 0, 0, 0, 0, 0, 0, 0
supermarket, 14, 0, 2, 2, 6, 49, 11, 6, 24, 42, 30, 9, 7, 2, 22, -79, -87, -46, -90, -37, 8, 13535, 57107, 0, 0, 0, 0, 0, 0, 0, 0, 5, 0, 0, 0, 0, 0, 1, 0, 0, 0, 0, 0, 0, 0, 0
supermarket, 12, 3, 0, 1, 4, 41, 12, 6, 24, 37, 30, 9, 7, 1, 21, -79, -88, -50, -91, -45, 5, 11096, 60760, 0, 0, 0, 0, 0, 0, 0, 0, 4, 0, 0, 0, 0, 0, 0, 0, 0, 0, 0, 0, 0, 0, 0