label, device_count, lost_devices, new_devices, different_services, services_count, txpower_count, tx_power_avg, min_txpower, max_txpower, man_packet_len_count, manufacturer_data_lengths_sum, manufacturer_data_len_avg, avg_received, min_received, max_received, avg_avg_rssi, min_avg_rssi, max_avg_rssi, min_rssi, max_rssi, avg_rssi_difference, avg_avg_difference_between_beacons, avg_difference_first_last, 0af0, 1802, 180f, 1812, 1826, 2222, ec88, fd5a, fd6f, fdd2, fddf, fe03, fe07, fe0f, fe61, fe9f, fea0, feb9, febe, fee0, ff0d, ffc0, ffe0
supermarket, 28, 1, 16, 1, 9, 70, 11, 6, 24, 89, 96, 13, 8, 1, 55, -79, -89, -49, -90, -45, 6, 8287, 48418, 0, 0, 0, 0, 0, 0, 0, 0, 9, 0, 0, 0, 0, 0, 0, 0, 0, 0, 0, 0, 0, 0, 0
supermarket, 13, 4, 0, 1, 5, 43, 12, 8, 24, 48, 49, 11, 8, 1, 22, -74, -87, -47, -88, -39, 10, 8385, 60457, 0, 0, 0, 0, 0, 0, 0, 0, 5, 0, 0, 0, 0, 0, 0, 0, 0, 0, 0, 0, 0, 0, 0
supermarket, 17, 3, 2, 1, 7, 45, 12, 8, 24, 56, 78, 12, 6, 1, 19, -77, -91, -49, -91, -44, 5, 7141, 48104, 0, 0, 0, 0, 0, 0, 0, 0, 7, 0, 0, 0, 0, 0, 0, 0, 0, 0, 0, 0, 0, 0, 0
supermarket, 18, 1, 3, 1, 7, 48, 11, 5, 24, 54, 49, 11, 5, 1, 16, -79, -89, -49, -90, -43, 6, 13253, 49229, 0, 0, 0, 0, 0, 0, 0, 0, 7, 0, 0, 0, 0, 0, 0, 0, 0, 0, 0, 0, 0, 0, 0
supermarket, 16, 7, 1, 1, 7, 46, 12, 6, 24, 51, 78, 11, 7, 1, 20, -78, -88, -47, -89, -40, 7, 10495, 56466, 0, 0, 0, 0, 0, 0, 0, 0, 7, 0, 0, 0, 0, 0, 0, 0, 0, 0, 0, 0, 0, 0, 0