label, device_count, lost_devices, new_devices, different_services, services_count, txpower_count, tx_power_avg, min_txpower, max_txpower, man_packet_len_count, manufacturer_data_lengths_sum, manufacturer_data_len_avg, avg_received, min_received, max_received, avg_avg_rssi, min_avg_rssi, max_avg_rssi, min_rssi, max_rssi, avg_rssi_difference, avg_avg_difference_between_beacons, avg_difference_first_last, 0af0, 1802, 180f, 1812, 1826, 2222, ec88, fd5a, fd6f, fdd2, fddf, fe03, fe07, fe0f, fe61, fe9f, fea0, feb9, febe, fee0, ff0d, ffc0, ffe0
supermarket, 16, 2, 0, 2, 7, 48, 8, 6, 12, 79, 65, 12, 10, 4, 25, -74, -85, -48, -91, -41, 11, 12542, 81629, 0, 0, 0, 0, 0, 0, 0, 0, 6, 0, 0, 0, 0, 0, 0, 0, 0, 0, 0, 0, 0, 0, 0
supermarket, 18, 2, 0, 2, 8, 58, 8, 6, 12, 95, 65, 11, 11, 1, 45, -77, -91, -52, -91, -49, 7, 8170, 69007, 0, 0, 0, 0, 0, 0, 0, 0, 7, 0, 0, 0, 0, 0, 0, 0, 0, 0, 0, 0, 0, 0, 0
supermarket, 20, 6, 2, 2, 9, 42, 8, 6, 12, 79, 65, 12, 8, 1, 35, -77, -89, -48, -89, -42, 8, 7334, 52071, 0, 0, 0, 0, 0, 0, 0, 0, 8, 0, 0, 0, 0, 0, 0, 0, 0, 0, 0, 0, 0, 0, 0
supermarket, 24, 1, 3, 3, 11, 58, 9, 6, 24, 94, 65, 13, 11, 1, 89, -78, -87, -49, -91, -41, 10, 10637, 64454, 0, 0, 0, 0, 0, 0, 0, 0, 9, 0, 0, 0, 0, 0, 0, 0, 0, 0, 0, 0, 0, 0, 0
supermarket, 22, 3, 2, 2, 9, 62, 11, 6, 24, 80, 65, 13, 12, 1, 92, -77, -89, -46, -91, -39, 9, 9172, 62650, 0, 0, 0, 0, 0, 0, 0, 0, 8, 0, 0, 0, 0, 0, 0, 0, 0, 0, 0, 0, 0, 0, 0