label, device_count, lost_devices, new_devices, different_services, services_count, txpower_count, tx_power_avg, min_txpower, max_txpower, man_packet_len_count, manufacturer_data_lengths_sum, manufacturer_data_len_avg, avg_received, min_received, max_received, avg_avg_rssi, min_avg_rssi, max_avg_rssi, min_rssi, max_rssi, avg_rssi_difference, avg_avg_difference_between_beacons, avg_difference_first_last, 0af0, 1802, 180f, 1812, 1826, 2222, ec88, fd5a, fd6f, fdd2, fddf, fe03, fe07, fe0f, fe61, fe9f, fea0, feb9, febe, fee0, ff0d, ffc0, ffe0
supermarket, 13, 2, 2, 2, 5, 27, 8, 6, 12, 40, 91, 12, 7, 1, 20, -73, -88, -46, -90, -39, 10, 10788, 54696, 0, 0, 0, 0, 0, 0, 0, 0, 4, 0, 0, 0, 0, 0, 0, 0, 0, 0, 0, 0, 0, 0, 0
supermarket, 13, 3, 1, 2, 6, 33, 7, 6, 12, 43, 65, 11, 8, 1, 24, -75, -87, -49, -90, -46, 6, 12382, 61358, 0, 0, 0, 0, 0, 0, 0, 0, 5, 0, 0, 0, 0, 0, 0, 0, 0, 0, 0, 0, 0, 0, 0
supermarket, 15, 1, 0, 2, 7, 41, 7, 6, 12, 55, 65, 13, 8, 1, 21, -75, -88, -46, -92, -39, 10, 9845, 65443, 0, 0, 0, 0, 0, 0, 0, 0, 6, 0, 0, 0, 0, 0, 0, 0, 0, 0, 0, 0, 0, 0, 0
supermarket, 16, 2, 0, 2, 7, 48, 8, 6, 12, 79, 65, 12, 10, 4, 25, -74, -85, -48, -91, -41, 11, 12542, 81629, 0, 0, 0, 0, 0, 0, 0, 0, 6, 0, 0, 0, 0, 0, 0, 0, 0, 0, 0, 0, 0, 0, 0
supermarket, 18, 2, 0, 2, 8, 58, 8, 6, 12, 95, 65, 11, 11, 1, 45, -77, -91, -52, -91, -49, 7, 8170, 69007, 0, 0, 0, 0, 0, 0, 0, 0, 7, 0, 0, 0, 0, 0, 0, 0, 0, 0, 0, 0, 0, 0, 0