label, device_count, lost_devices, new_devices, different_services, services_count, txpower_count, tx_power_avg, min_txpower, max_txpower, man_packet_len_count, manufacturer_data_lengths_sum, manufacturer_data_len_avg, avg_received, min_received, max_received, avg_avg_rssi, min_avg_rssi, max_avg_rssi, min_rssi, max_rssi, avg_rssi_difference, avg_avg_difference_between_beacons, avg_difference_first_last, 0af0, 1802, 180f, 1812, 1826, 2222, ec88, fd5a, fd6f, fdd2, fddf, fe03, fe07, fe0f, fe61, fe9f, fea0, feb9, febe, fee0, ff0d, ffc0, ffe0
supermarket, 23, 3, 4, 1, 8, 66, 9, 6, 26, 81, 83, 12, 8, 1, 21, -76, -89, -47, -89, -40, 9, 6529, 56791, 0, 0, 0, 0, 0, 0, 0, 0, 8, 0, 0, 0, 0, 0, 0, 0, 0, 0, 0, 0, 0, 0, 0
supermarket, 22, 0, 2, 1, 9, 69, 9, 6, 24, 86, 83, 12, 9, 1, 20, -75, -89, -46, -91, -41, 10, 8540, 66696, 0, 0, 0, 0, 0, 0, 0, 0, 9, 0, 0, 0, 0, 0, 0, 0, 0, 0, 0, 0, 0, 0, 0
supermarket, 20, 1, 1, 1, 8, 82, 10, 6, 24, 94, 63, 11, 11, 1, 21, -74, -86, -46, -89, -40, 11, 9044, 76866, 0, 0, 0, 0, 0, 0, 0, 0, 8, 0, 0, 0, 0, 0, 0, 0, 0, 0, 0, 0, 0, 0, 0
supermarket, 20, 0, 1, 1, 8, 76, 11, 6, 24, 91, 63, 12, 10, 1, 20, -74, -85, -43, -89, -37, 11, 9640, 76012, 0, 0, 0, 0, 0, 0, 0, 0, 8, 0, 0, 0, 0, 0, 0, 0, 0, 0, 0, 0, 0, 0, 0
supermarket, 19, 0, 3, 1, 8, 73, 10, 6, 24, 82, 63, 11, 11, 1, 23, -75, -90, -43, -90, -38, 9, 8442, 72038, 0, 0, 0, 0, 0, 0, 0, 0, 8, 0, 0, 0, 0, 0, 0, 0, 0, 0, 0, 0, 0, 0, 0