label, device_count, lost_devices, new_devices, different_services, services_count, txpower_count, tx_power_avg, min_txpower, max_txpower, man_packet_len_count, manufacturer_data_lengths_sum, manufacturer_data_len_avg, avg_received, min_received, max_received, avg_avg_rssi, min_avg_rssi, max_avg_rssi, min_rssi, max_rssi, avg_rssi_difference, avg_avg_difference_between_beacons, avg_difference_first_last, 0af0, 1802, 180f, 1812, 1826, 2222, ec88, fd5a, fd6f, fdd2, fddf, fe03, fe07, fe0f, fe61, fe9f, fea0, feb9, febe, fee0, ff0d, ffc0, ffe0
supermarket, 26, 0, 2, 1, 10, 74, 9, 6, 24, 89, 63, 12, 8, 1, 20, -78, -87, -56, -89, -43, 9, 13562, 64800, 0, 0, 0, 0, 0, 0, 0, 0, 10, 0, 0, 0, 0, 0, 0, 0, 0, 0, 0, 0, 0, 0, 0
supermarket, 24, 0, 2, 1, 9, 75, 10, 6, 24, 88, 63, 12, 9, 1, 21, -78, -88, -58, -90, -53, 9, 13280, 67467, 0, 0, 0, 0, 0, 0, 0, 0, 9, 0, 0, 0, 0, 0, 0, 0, 0, 0, 0, 0, 0, 0, 0
supermarket, 22, 2, 2, 1, 8, 76, 9, 6, 24, 91, 63, 12, 9, 2, 23, -76, -90, -50, -91, -45, 9, 10448, 70666, 0, 0, 0, 0, 0, 0, 0, 0, 8, 0, 0, 0, 0, 0, 0, 0, 0, 0, 0, 0, 0, 0, 0
supermarket, 22, 0, 0, 1, 8, 82, 9, 5, 24, 97, 63, 13, 10, 1, 21, -76, -85, -51, -90, -47, 10, 8087, 71064, 0, 0, 0, 0, 0, 0, 0, 0, 8, 0, 0, 0, 0, 0, 0, 0, 0, 0, 0, 0, 0, 0, 0
supermarket, 22, 3, 0, 1, 8, 72, 9, 5, 24, 92, 63, 13, 9, 1, 21, -76, -85, -52, -90, -39, 11, 9856, 75637, 0, 0, 0, 0, 0, 0, 0, 0, 8, 0, 0, 0, 0, 0, 0, 0, 0, 0, 0, 0, 0, 0, 0