label, device_count, lost_devices, new_devices, different_services, services_count, txpower_count, tx_power_avg, min_txpower, max_txpower, man_packet_len_count, manufacturer_data_lengths_sum, manufacturer_data_len_avg, avg_received, min_received, max_received, avg_avg_rssi, min_avg_rssi, max_avg_rssi, min_rssi, max_rssi, avg_rssi_difference, avg_avg_difference_between_beacons, avg_difference_first_last, 0af0, 1802, 180f, 1812, 1826, 2222, ec88, fd5a, fd6f, fdd2, fddf, fe03, fe07, fe0f, fe61, fe9f, fea0, feb9, febe, fee0, ff0d, ffc0, ffe0
supermarket, 6, 3, 2, 1, 3, 17, 9, 8, 12, 20, 58, 16, 12, 3, 19, -69, -85, -48, -89, -44, 9, 10377, 79276, 0, 0, 0, 0, 0, 0, 0, 0, 3, 0, 0, 0, 0, 0, 0, 0, 0, 0, 0, 0, 0, 0, 0
supermarket, 7, 0, 1, 2, 3, 10, 8, 8, 8, 32, 40, 23, 10, 1, 21, -75, -90, -52, -91, -49, 9, 12565, 57913, 0, 0, 0, 0, 0, 0, 0, 0, 2, 0, 0, 0, 0, 0, 0, 0, 0, 0, 0, 0, 0, 0, 0
supermarket, 6, 2, 0, 2, 3, 9, 8, 8, 8, 29, 40, 23, 11, 1, 19, -71, -86, -50, -88, -38, 12, 7980, 68447, 0, 0, 0, 0, 0, 0, 0, 0, 2, 0, 0, 0, 0, 0, 0, 0, 0, 0, 0, 0, 0, 0, 0
supermarket, 8, 0, 1, 2, 3, 13, 8, 8, 12, 31, 40, 21, 8, 2, 19, -74, -86, -55, -87, -49, 10, 22293, 72808, 0, 0, 0, 0, 0, 0, 0, 0, 2, 0, 0, 0, 0, 0, 0, 0, 0, 0, 0, 0, 0, 0, 0
supermarket, 7, 1, 1, 2, 3, 17, 9, 8, 12, 20, 40, 13, 9, 1, 23, -73, -87, -51, -87, -41, 8, 6426, 51969, 0, 0, 0, 0, 0, 0, 0, 0, 2, 0, 0, 0, 0, 0, 0, 0, 0, 0, 0, 0, 0, 0, 0