label, device_count, lost_devices, new_devices, different_services, services_count, txpower_count, tx_power_avg, min_txpower, max_txpower, man_packet_len_count, manufacturer_data_lengths_sum, manufacturer_data_len_avg, avg_received, min_received, max_received, avg_avg_rssi, min_avg_rssi, max_avg_rssi, min_rssi, max_rssi, avg_rssi_difference, avg_avg_difference_between_beacons, avg_difference_first_last, 0af0, 1802, 180f, 1812, 1826, 2222, ec88, fd5a, fd6f, fdd2, fddf, fe03, fe07, fe0f, fe61, fe9f, fea0, feb9, febe, fee0, ff0d, ffc0, ffe0
supermarket, 6, 1, 0, 2, 3, 22, 10, 8, 12, 36, 58, 20, 14, 4, 22, -66, -84, -51, -87, -44, 13, 8602, 83922, 0, 0, 0, 0, 0, 0, 0, 0, 2, 0, 0, 0, 0, 0, 0, 0, 0, 0, 0, 0, 0, 0, 0
supermarket, 7, 1, 0, 2, 3, 25, 10, 8, 12, 36, 67, 18, 12, 3, 21, -69, -82, -51, -88, -45, 12, 10240, 73207, 0, 0, 0, 0, 0, 0, 0, 0, 2, 0, 0, 0, 0, 0, 0, 0, 0, 0, 0, 0, 0, 0, 0
supermarket, 8, 0, 1, 2, 4, 29, 10, 8, 12, 42, 67, 18, 12, 2, 23, -72, -84, -50, -89, -42, 12, 5945, 66979, 0, 0, 0, 0, 0, 0, 0, 0, 3, 0, 0, 0, 0, 0, 0, 0, 0, 0, 0, 0, 0, 0, 0
supermarket, 7, 1, 2, 1, 3, 21, 10, 8, 12, 30, 67, 18, 13, 2, 20, -70, -84, -46, -88, -40, 11, 5971, 74920, 0, 0, 0, 0, 0, 0, 0, 0, 3, 0, 0, 0, 0, 0, 0, 0, 0, 0, 0, 0, 0, 0, 0
supermarket, 6, 3, 2, 1, 3, 17, 9, 8, 12, 20, 58, 16, 12, 3, 19, -69, -85, -48, -89, -44, 9, 10377, 79276, 0, 0, 0, 0, 0, 0, 0, 0, 3, 0, 0, 0, 0, 0, 0, 0, 0, 0, 0, 0, 0, 0, 0