label, device_count, lost_devices, new_devices, different_services, services_count, txpower_count, tx_power_avg, min_txpower, max_txpower, man_packet_len_count, manufacturer_data_lengths_sum, manufacturer_data_len_avg, avg_received, min_received, max_received, avg_avg_rssi, min_avg_rssi, max_avg_rssi, min_rssi, max_rssi, avg_rssi_difference, avg_avg_difference_between_beacons, avg_difference_first_last, 0af0, 1802, 180f, 1812, 1826, 2222, ec88, fd5a, fd6f, fdd2, fddf, fe03, fe07, fe0f, fe61, fe9f, fea0, feb9, febe, fee0, ff0d, ffc0, ffe0
supermarket, 3, 2, 0, 1, 1, 15, 9, 8, 12, 15, 29, 12, 12, 4, 21, -60, -87, -46, -89, -37, 10, 8798, 70481, 0, 0, 0, 0, 0, 0, 0, 0, 1, 0, 0, 0, 0, 0, 0, 0, 0, 0, 0, 0, 0, 0, 0
supermarket, 5, 1, 0, 2, 3, 13, 8, 8, 12, 13, 11, 11, 8, 1, 22, -70, -88, -46, -88, -40, 5, 4984, 53740, 0, 0, 0, 0, 0, 0, 0, 0, 2, 0, 0, 0, 0, 0, 0, 0, 0, 0, 0, 0, 0, 0, 0
supermarket, 6, 0, 0, 2, 3, 16, 9, 8, 12, 17, 40, 12, 8, 1, 20, -72, -88, -49, -88, -47, 4, 5702, 56065, 0, 0, 0, 0, 0, 0, 0, 0, 2, 0, 0, 0, 0, 0, 0, 0, 0, 0, 0, 0, 0, 0, 0
supermarket, 6, 3, 1, 2, 3, 17, 9, 8, 12, 21, 40, 14, 9, 3, 23, -72, -85, -47, -91, -37, 10, 13596, 79495, 0, 0, 0, 0, 0, 0, 0, 0, 2, 0, 0, 0, 0, 0, 0, 0, 0, 0, 0, 0, 0, 0, 0
supermarket, 8, 0, 3, 1, 3, 19, 9, 7, 12, 27, 50, 16, 8, 1, 22, -75, -89, -48, -89, -42, 8, 11350, 54028, 0, 0, 0, 0, 0, 0, 0, 0, 3, 0, 0, 0, 0, 0, 0, 0, 0, 0, 0, 0, 0, 0, 0