label, device_count, lost_devices, new_devices, different_services, services_count, txpower_count, tx_power_avg, min_txpower, max_txpower, man_packet_len_count, manufacturer_data_lengths_sum, manufacturer_data_len_avg, avg_received, min_received, max_received, avg_avg_rssi, min_avg_rssi, max_avg_rssi, min_rssi, max_rssi, avg_rssi_difference, avg_avg_difference_between_beacons, avg_difference_first_last, 0af0, 1802, 180f, 1812, 1826, 2222, ec88, fd5a, fd6f, fdd2, fddf, fe03, fe07, fe0f, fe61, fe9f, fea0, feb9, febe, fee0, ff0d, ffc0, ffe0
clothing_store, 10, 3, 6, 1, 3, 26, 8, 8, 8, 77, 71, 16, 11, 1, 26, -76, -88, -53, -89, -41, 10, 9178, 59208, 0, 0, 0, 0, 0, 0, 0, 0, 3, 0, 0, 0, 0, 0, 0, 0, 0, 0, 0, 0, 0, 0, 0
clothing_store, 7, 3, 3, 1, 1, 28, 8, 8, 12, 56, 50, 19, 12, 2, 26, -69, -85, -46, -88, -40, 9, 15340, 71606, 0, 0, 0, 0, 0, 0, 0, 0, 1, 0, 0, 0, 0, 0, 0, 0, 0, 0, 0, 0, 0, 0, 0
clothing_store, 7, 1, 2, 1, 2, 26, 9, 6, 12, 54, 59, 19, 12, 1, 28, -71, -87, -49, -89, -43, 9, 5901, 62430, 0, 0, 0, 0, 0, 0, 0, 0, 2, 0, 0, 0, 0, 0, 0, 0, 0, 0, 0, 0, 0, 0, 0
clothing_store, 6, 0, 1, 1, 1, 18, 8, 8, 12, 43, 59, 21, 10, 1, 25, -69, -88, -43, -90, -36, 12, 6178, 57425, 0, 0, 0, 0, 0, 0, 0, 0, 1, 0, 0, 0, 0, 0, 0, 0, 0, 0, 0, 0, 0, 0, 0
clothing_store, 5, 0, 1, 1, 1, 22, 8, 8, 12, 45, 59, 19, 15, 1, 23, -63, -89, -38, -89, -35, 8, 4559, 72634, 0, 0, 0, 0, 0, 0, 0, 0, 1, 0, 0, 0, 0, 0, 0, 0, 0, 0, 0, 0, 0, 0, 0