label, device_count, lost_devices, new_devices, different_services, services_count, txpower_count, tx_power_avg, min_txpower, max_txpower, man_packet_len_count, manufacturer_data_lengths_sum, manufacturer_data_len_avg, avg_received, min_received, max_received, avg_avg_rssi, min_avg_rssi, max_avg_rssi, min_rssi, max_rssi, avg_rssi_difference, avg_avg_difference_between_beacons, avg_difference_first_last, 0af0, 1802, 180f, 1812, 1826, 2222, ec88, fd5a, fd6f, fdd2, fddf, fe03, fe07, fe0f, fe61, fe9f, fea0, feb9, febe, fee0, ff0d, ffc0, ffe0
clothing_store, 24, 6, 7, 2, 6, 54, 10, 8, 24, 93, 84, 16, 6, 1, 37, -82, -89, -55, -91, -51, 4, 6561, 30190, 0, 0, 0, 0, 0, 0, 0, 0, 5, 0, 0, 0, 0, 0, 0, 0, 0, 0, 0, 0, 0, 0, 0
clothing_store, 23, 3, 5, 2, 6, 53, 9, 6, 24, 61, 59, 12, 5, 1, 18, -81, -90, -51, -90, -43, 4, 7499, 37497, 0, 0, 0, 0, 0, 0, 0, 0, 5, 0, 0, 0, 0, 0, 0, 0, 0, 0, 0, 0, 0, 0, 0
clothing_store, 21, 3, 6, 1, 5, 64, 10, 6, 24, 78, 59, 13, 6, 1, 20, -81, -91, -51, -92, -45, 7, 13396, 47686, 0, 0, 0, 0, 0, 0, 0, 0, 5, 0, 0, 0, 0, 0, 0, 0, 0, 0, 0, 0, 0, 0, 0
clothing_store, 18, 4, 4, 1, 5, 59, 9, 6, 12, 77, 59, 14, 7, 1, 18, -78, -89, -44, -90, -40, 7, 15506, 56665, 0, 0, 0, 0, 0, 0, 0, 0, 5, 0, 0, 0, 0, 0, 0, 0, 0, 0, 0, 0, 0, 0, 0
clothing_store, 18, 2, 3, 2, 5, 64, 8, 6, 12, 85, 71, 14, 8, 1, 19, -78, -89, -53, -90, -45, 10, 11438, 56436, 0, 0, 0, 0, 0, 0, 0, 0, 4, 0, 0, 0, 0, 0, 0, 0, 0, 0, 0, 0, 0, 0, 0