label, device_count, lost_devices, new_devices, different_services, services_count, txpower_count, tx_power_avg, min_txpower, max_txpower, man_packet_len_count, manufacturer_data_lengths_sum, manufacturer_data_len_avg, avg_received, min_received, max_received, avg_avg_rssi, min_avg_rssi, max_avg_rssi, min_rssi, max_rssi, avg_rssi_difference, avg_avg_difference_between_beacons, avg_difference_first_last, 0af0, 1802, 180f, 1812, 1826, 2222, ec88, fd5a, fd6f, fdd2, fddf, fe03, fe07, fe0f, fe61, fe9f, fea0, feb9, febe, fee0, ff0d, ffc0, ffe0
clothing_store, 26, 6, 3, 1, 5, 87, 10, 7, 24, 123, 77, 15, 7, 1, 21, -81, -93, -45, -93, -42, 6, 13944, 60930, 0, 0, 0, 0, 0, 0, 0, 0, 5, 0, 0, 0, 0, 0, 0, 0, 0, 0, 0, 0, 0, 0, 0
clothing_store, 29, 5, 5, 2, 5, 85, 9, 7, 24, 115, 77, 15, 6, 1, 18, -81, -91, -47, -91, -44, 4, 11282, 49278, 0, 0, 0, 0, 0, 0, 0, 0, 4, 0, 0, 0, 0, 0, 0, 0, 0, 0, 0, 0, 0, 0, 0
clothing_store, 29, 7, 6, 1, 4, 93, 10, 7, 24, 140, 97, 15, 7, 1, 19, -80, -89, -49, -90, -44, 7, 12449, 54048, 0, 0, 0, 0, 0, 0, 0, 0, 4, 0, 0, 0, 0, 0, 0, 0, 0, 0, 0, 0, 0, 0, 0
clothing_store, 30, 9, 5, 1, 7, 106, 10, 7, 24, 139, 85, 14, 7, 1, 20, -79, -89, -44, -91, -40, 7, 7639, 50762, 0, 0, 0, 0, 0, 0, 0, 0, 7, 0, 0, 0, 0, 0, 0, 0, 0, 0, 0, 0, 0, 0, 0
clothing_store, 34, 5, 11, 2, 7, 122, 10, 7, 24, 146, 102, 13, 7, 1, 21, -80, -89, -44, -91, -38, 7, 9350, 49730, 0, 0, 0, 0, 0, 0, 0, 0, 6, 0, 0, 0, 0, 0, 0, 0, 0, 0, 0, 0, 0, 0, 0