label, device_count, lost_devices, new_devices, different_services, services_count, txpower_count, tx_power_avg, min_txpower, max_txpower, man_packet_len_count, manufacturer_data_lengths_sum, manufacturer_data_len_avg, avg_received, min_received, max_received, avg_avg_rssi, min_avg_rssi, max_avg_rssi, min_rssi, max_rssi, avg_rssi_difference, avg_avg_difference_between_beacons, avg_difference_first_last, 0af0, 1802, 180f, 1812, 1826, 2222, ec88, fd5a, fd6f, fdd2, fddf, fe03, fe07, fe0f, fe61, fe9f, fea0, feb9, febe, fee0, ff0d, ffc0, ffe0
clothing_store, 22, 5, 3, 1, 7, 48, 14, 7, 235, 49, 59, 11, 4, 1, 22, -81, -90, -42, -92, -38, 4, 13262, 39780, 0, 0, 0, 0, 0, 0, 0, 0, 7, 0, 0, 0, 0, 0, 0, 0, 0, 0, 0, 0, 0, 0, 0
clothing_store, 24, 10, 2, 1, 7, 61, 17, 7, 235, 66, 59, 12, 6, 1, 20, -79, -87, -39, -91, -34, 6, 10943, 52072, 0, 0, 0, 0, 0, 0, 0, 0, 7, 0, 0, 0, 0, 0, 0, 0, 0, 0, 0, 0, 0, 0, 0
clothing_store, 32, 0, 13, 1, 11, 95, 11, 7, 235, 108, 59, 12, 6, 1, 23, -79, -90, -39, -91, -33, 7, 16285, 62548, 0, 0, 0, 0, 0, 0, 0, 0, 11, 0, 0, 0, 0, 0, 0, 0, 0, 0, 0, 0, 0, 0, 0
clothing_store, 19, 8, 3, 1, 6, 51, 8, 7, 12, 65, 59, 14, 6, 1, 20, -78, -89, -42, -90, -38, 6, 18738, 62616, 0, 0, 0, 0, 0, 0, 0, 0, 6, 0, 0, 0, 0, 0, 0, 0, 0, 0, 0, 0, 0, 0, 0
clothing_store, 24, 7, 5, 1, 7, 79, 9, 7, 24, 92, 59, 12, 6, 1, 22, -80, -89, -44, -90, -40, 5, 16491, 54733, 0, 0, 0, 0, 0, 0, 0, 0, 7, 0, 0, 0, 0, 0, 0, 0, 0, 0, 0, 0, 0, 0, 0