label, device_count, lost_devices, new_devices, different_services, services_count, txpower_count, tx_power_avg, min_txpower, max_txpower, man_packet_len_count, manufacturer_data_lengths_sum, manufacturer_data_len_avg, avg_received, min_received, max_received, avg_avg_rssi, min_avg_rssi, max_avg_rssi, min_rssi, max_rssi, avg_rssi_difference, avg_avg_difference_between_beacons, avg_difference_first_last, 0af0, 1802, 180f, 1812, 1826, 2222, ec88, fd5a, fd6f, fdd2, fddf, fe03, fe07, fe0f, fe61, fe9f, fea0, feb9, febe, fee0, ff0d, ffc0, ffe0
clothing_store, 21, 6, 4, 1, 9, 51, 8, 6, 12, 91, 73, 18, 7, 1, 23, -80, -90, -47, -90, -44, 5, 13188, 57238, 0, 0, 0, 0, 0, 0, 0, 0, 9, 0, 0, 0, 0, 0, 0, 0, 0, 0, 0, 0, 0, 0, 0
clothing_store, 23, 7, 6, 1, 8, 67, 8, 6, 26, 88, 73, 15, 7, 1, 25, -80, -90, -46, -91, -44, 4, 9475, 57072, 0, 0, 0, 0, 0, 0, 0, 0, 8, 0, 0, 0, 0, 0, 0, 0, 0, 0, 0, 0, 0, 0, 0
clothing_store, 24, 3, 1, 1, 9, 69, 8, 6, 12, 104, 115, 16, 7, 1, 26, -80, -89, -46, -91, -41, 6, 14347, 58503, 0, 0, 0, 0, 0, 0, 0, 0, 9, 0, 0, 0, 0, 0, 0, 0, 0, 0, 0, 0, 0, 0, 0
clothing_store, 26, 8, 2, 1, 8, 99, 8, 6, 26, 147, 108, 15, 9, 1, 66, -80, -92, -46, -92, -35, 7, 10896, 55221, 0, 0, 0, 0, 0, 0, 0, 0, 8, 0, 0, 0, 0, 0, 0, 0, 0, 0, 0, 0, 0, 0, 0
clothing_store, 32, 11, 3, 1, 11, 132, 8, 6, 26, 206, 95, 15, 10, 1, 102, -81, -92, -46, -92, -44, 5, 13212, 50415, 0, 0, 0, 0, 0, 0, 0, 0, 11, 0, 0, 0, 0, 0, 0, 0, 0, 0, 0, 0, 0, 0, 0