label, device_count, lost_devices, new_devices, different_services, services_count, txpower_count, tx_power_avg, min_txpower, max_txpower, man_packet_len_count, manufacturer_data_lengths_sum, manufacturer_data_len_avg, avg_received, min_received, max_received, avg_avg_rssi, min_avg_rssi, max_avg_rssi, min_rssi, max_rssi, avg_rssi_difference, avg_avg_difference_between_beacons, avg_difference_first_last, 0af0, 1802, 180f, 1812, 1826, 2222, ec88, fd5a, fd6f, fdd2, fddf, fe03, fe07, fe0f, fe61, fe9f, fea0, feb9, febe, fee0, ff0d, ffc0, ffe0
clothing_store, 13, 2, 2, 1, 5, 28, 9, 8, 12, 47, 59, 17, 6, 1, 22, -79, -91, -50, -91, -40, 6, 10129, 50056, 0, 0, 0, 0, 0, 0, 0, 0, 5, 0, 0, 0, 0, 0, 0, 0, 0, 0, 0, 0, 0, 0, 0
clothing_store, 13, 6, 4, 1, 5, 31, 9, 8, 12, 59, 59, 19, 8, 1, 26, -77, -88, -42, -90, -38, 6, 7826, 45631, 0, 0, 0, 0, 0, 0, 0, 0, 5, 0, 0, 0, 0, 0, 0, 0, 0, 0, 0, 0, 0, 0, 0
clothing_store, 15, 1, 6, 1, 5, 31, 9, 8, 12, 58, 59, 19, 7, 1, 24, -80, -89, -52, -89, -35, 8, 3938, 34983, 0, 0, 0, 0, 0, 0, 0, 0, 5, 0, 0, 0, 0, 0, 0, 0, 0, 0, 0, 0, 0, 0, 0
clothing_store, 10, 7, 1, 1, 4, 31, 8, 7, 12, 55, 59, 18, 10, 3, 24, -74, -86, -46, -90, -42, 10, 10038, 68990, 0, 0, 0, 0, 0, 0, 0, 0, 4, 0, 0, 0, 0, 0, 0, 0, 0, 0, 0, 0, 0, 0, 0
clothing_store, 16, 1, 4, 1, 7, 36, 8, 6, 12, 57, 59, 17, 7, 1, 20, -79, -90, -44, -92, -39, 7, 6365, 48411, 0, 0, 0, 0, 0, 0, 0, 0, 7, 0, 0, 0, 0, 0, 0, 0, 0, 0, 0, 0, 0, 0, 0