label, device_count, lost_devices, new_devices, different_services, services_count, txpower_count, tx_power_avg, min_txpower, max_txpower, man_packet_len_count, manufacturer_data_lengths_sum, manufacturer_data_len_avg, avg_received, min_received, max_received, avg_avg_rssi, min_avg_rssi, max_avg_rssi, min_rssi, max_rssi, avg_rssi_difference, avg_avg_difference_between_beacons, avg_difference_first_last, 0af0, 1802, 180f, 1812, 1826, 2222, ec88, fd5a, fd6f, fdd2, fddf, fe03, fe07, fe0f, fe61, fe9f, fea0, feb9, febe, fee0, ff0d, ffc0, ffe0
clothing_store, 13, 1, 1, 2, 6, 52, 9, 4, 12, 54, 56, 9, 10, 1, 22, -75, -85, -54, -89, -51, 7, 6927, 70348, 0, 0, 0, 0, 0, 0, 0, 0, 5, 0, 0, 0, 0, 0, 0, 0, 0, 0, 0, 0, 0, 0, 0
clothing_store, 13, 2, 1, 1, 6, 48, 9, 4, 12, 50, 56, 9, 10, 1, 20, -75, -90, -55, -90, -53, 8, 6271, 64501, 0, 0, 0, 0, 0, 0, 0, 0, 6, 0, 0, 0, 0, 0, 0, 0, 0, 0, 0, 0, 0, 0, 0
clothing_store, 14, 0, 3, 2, 6, 44, 9, 8, 12, 47, 83, 10, 8, 1, 19, -75, -90, -53, -90, -46, 8, 6190, 58219, 0, 0, 0, 0, 0, 0, 0, 0, 5, 0, 0, 0, 0, 0, 0, 0, 0, 0, 0, 0, 0, 0, 0
clothing_store, 11, 2, 0, 2, 6, 42, 9, 8, 12, 42, 20, 9, 11, 2, 19, -73, -83, -47, -87, -41, 10, 8047, 79289, 0, 0, 0, 0, 0, 0, 0, 0, 5, 0, 0, 0, 0, 0, 0, 0, 0, 0, 0, 0, 0, 0, 0
clothing_store, 13, 0, 2, 2, 6, 48, 9, 8, 12, 50, 76, 10, 9, 1, 22, -75, -86, -48, -86, -39, 10, 6532, 62819, 0, 0, 0, 0, 0, 0, 0, 0, 5, 0, 0, 0, 0, 0, 0, 0, 0, 0, 0, 0, 0, 0, 0