label, device_count, lost_devices, new_devices, different_services, services_count, txpower_count, tx_power_avg, min_txpower, max_txpower, man_packet_len_count, manufacturer_data_lengths_sum, manufacturer_data_len_avg, avg_received, min_received, max_received, avg_avg_rssi, min_avg_rssi, max_avg_rssi, min_rssi, max_rssi, avg_rssi_difference, avg_avg_difference_between_beacons, avg_difference_first_last, 0af0, 1802, 180f, 1812, 1826, 2222, ec88, fd5a, fd6f, fdd2, fddf, fe03, fe07, fe0f, fe61, fe9f, fea0, feb9, febe, fee0, ff0d, ffc0, ffe0
clothing_store, 12, 0, 0, 2, 6, 43, 8, 4, 12, 43, 27, 9, 9, 2, 19, -72, -86, -43, -89, -36, 10, 10493, 68894, 0, 0, 0, 0, 0, 0, 0, 0, 5, 0, 0, 0, 0, 0, 0, 0, 0, 0, 0, 0, 0, 0, 0
clothing_store, 12, 2, 0, 2, 6, 40, 8, 4, 12, 40, 27, 9, 9, 2, 20, -71, -86, -45, -89, -38, 11, 10918, 67461, 0, 0, 0, 0, 0, 0, 0, 0, 5, 0, 0, 0, 0, 0, 0, 0, 0, 0, 0, 0, 0, 0, 0
clothing_store, 14, 0, 1, 2, 6, 43, 9, 4, 12, 47, 56, 9, 8, 2, 18, -74, -86, -45, -89, -40, 9, 15309, 73202, 0, 0, 0, 0, 0, 0, 0, 0, 5, 0, 0, 0, 0, 0, 0, 0, 0, 0, 0, 0, 0, 0, 0
clothing_store, 13, 1, 1, 1, 5, 42, 9, 4, 12, 46, 56, 10, 8, 1, 20, -75, -86, -47, -88, -38, 10, 13061, 69319, 0, 0, 0, 0, 0, 0, 0, 0, 5, 0, 0, 0, 0, 0, 0, 0, 0, 0, 0, 0, 0, 0, 0
clothing_store, 13, 0, 0, 2, 6, 48, 9, 4, 12, 50, 56, 10, 10, 2, 22, -73, -84, -48, -91, -39, 12, 16478, 81036, 0, 0, 0, 0, 0, 0, 0, 0, 5, 0, 0, 0, 0, 0, 0, 0, 0, 0, 0, 0, 0, 0, 0