label, device_count, lost_devices, new_devices, different_services, services_count, txpower_count, tx_power_avg, min_txpower, max_txpower, man_packet_len_count, manufacturer_data_lengths_sum, manufacturer_data_len_avg, avg_received, min_received, max_received, avg_avg_rssi, min_avg_rssi, max_avg_rssi, min_rssi, max_rssi, avg_rssi_difference, avg_avg_difference_between_beacons, avg_difference_first_last, 0af0, 1802, 180f, 1812, 1826, 2222, ec88, fd5a, fd6f, fdd2, fddf, fe03, fe07, fe0f, fe61, fe9f, fea0, feb9, febe, fee0, ff0d, ffc0, ffe0
clothing_store, 12, 1, 2, 2, 6, 35, 8, 4, 12, 36, 27, 9, 7, 2, 20, -75, -88, -45, -90, -39, 8, 13494, 74060, 0, 0, 0, 0, 0, 0, 0, 0, 5, 0, 0, 0, 0, 0, 0, 0, 0, 0, 0, 0, 0, 0, 0
clothing_store, 11, 2, 1, 2, 5, 41, 8, 4, 12, 42, 56, 9, 9, 1, 19, -72, -88, -50, -90, -41, 11, 8058, 64429, 0, 0, 0, 0, 0, 0, 0, 0, 4, 0, 0, 0, 0, 0, 0, 0, 0, 0, 0, 0, 0, 0, 0
clothing_store, 12, 0, 0, 2, 6, 43, 8, 4, 12, 43, 27, 9, 9, 2, 19, -72, -86, -43, -89, -36, 10, 10493, 68894, 0, 0, 0, 0, 0, 0, 0, 0, 5, 0, 0, 0, 0, 0, 0, 0, 0, 0, 0, 0, 0, 0, 0
clothing_store, 12, 2, 0, 2, 6, 40, 8, 4, 12, 40, 27, 9, 9, 2, 20, -71, -86, -45, -89, -38, 11, 10918, 67461, 0, 0, 0, 0, 0, 0, 0, 0, 5, 0, 0, 0, 0, 0, 0, 0, 0, 0, 0, 0, 0, 0, 0
clothing_store, 14, 0, 1, 2, 6, 43, 9, 4, 12, 47, 56, 9, 8, 2, 18, -74, -86, -45, -89, -40, 9, 15309, 73202, 0, 0, 0, 0, 0, 0, 0, 0, 5, 0, 0, 0, 0, 0, 0, 0, 0, 0, 0, 0, 0, 0, 0