label, device_count, lost_devices, new_devices, different_services, services_count, txpower_count, tx_power_avg, min_txpower, max_txpower, man_packet_len_count, manufacturer_data_lengths_sum, manufacturer_data_len_avg, avg_received, min_received, max_received, avg_avg_rssi, min_avg_rssi, max_avg_rssi, min_rssi, max_rssi, avg_rssi_difference, avg_avg_difference_between_beacons, avg_difference_first_last, 0af0, 1802, 180f, 1812, 1826, 2222, ec88, fd5a, fd6f, fdd2, fddf, fe03, fe07, fe0f, fe61, fe9f, fea0, feb9, febe, fee0, ff0d, ffc0, ffe0
clothing_store, 16, 2, 5, 2, 9, 27, 9, 8, 12, 30, 56, 10, 5, 1, 18, -80, -89, -44, -91, -36, 5, 13610, 44120, 0, 0, 0, 0, 0, 0, 0, 0, 8, 0, 0, 0, 0, 0, 0, 0, 0, 0, 0, 0, 0, 0, 0
clothing_store, 13, 3, 1, 2, 7, 38, 8, 4, 12, 39, 56, 9, 8, 1, 21, -76, -89, -48, -90, -41, 7, 5964, 52540, 0, 0, 0, 0, 0, 0, 0, 0, 6, 0, 0, 0, 0, 0, 0, 0, 0, 0, 0, 0, 0, 0, 0
clothing_store, 15, 0, 3, 2, 7, 39, 9, 4, 12, 41, 56, 9, 7, 1, 21, -77, -88, -43, -90, -38, 7, 10903, 52173, 0, 0, 0, 0, 0, 0, 0, 0, 6, 0, 0, 0, 0, 0, 0, 0, 0, 0, 0, 0, 0, 0, 0
clothing_store, 12, 1, 2, 2, 6, 35, 8, 4, 12, 36, 27, 9, 7, 2, 20, -75, -88, -45, -90, -39, 8, 13494, 74060, 0, 0, 0, 0, 0, 0, 0, 0, 5, 0, 0, 0, 0, 0, 0, 0, 0, 0, 0, 0, 0, 0, 0
clothing_store, 11, 2, 1, 2, 5, 41, 8, 4, 12, 42, 56, 9, 9, 1, 19, -72, -88, -50, -90, -41, 11, 8058, 64429, 0, 0, 0, 0, 0, 0, 0, 0, 4, 0, 0, 0, 0, 0, 0, 0, 0, 0, 0, 0, 0, 0, 0