label, device_count, lost_devices, new_devices, different_services, services_count, txpower_count, tx_power_avg, min_txpower, max_txpower, man_packet_len_count, manufacturer_data_lengths_sum, manufacturer_data_len_avg, avg_received, min_received, max_received, avg_avg_rssi, min_avg_rssi, max_avg_rssi, min_rssi, max_rssi, avg_rssi_difference, avg_avg_difference_between_beacons, avg_difference_first_last, 0af0, 1802, 180f, 1812, 1826, 2222, ec88, fd5a, fd6f, fdd2, fddf, fe03, fe07, fe0f, fe61, fe9f, fea0, feb9, febe, fee0, ff0d, ffc0, ffe0
clothing_store, 26, 7, 3, 4, 9, 99, 10, 6, 26, 138, 105, 14, 10, 1, 64, -78, -89, -39, -89, -28, 7, 8459, 58319, 1, 0, 0, 0, 0, 0, 0, 0, 6, 0, 0, 0, 0, 0, 0, 0, 0, 0, 0, 0, 0, 0, 0
clothing_store, 30, 4, 5, 2, 9, 117, 9, 6, 26, 130, 91, 11, 8, 1, 19, -80, -90, -50, -91, -44, 8, 6510, 54270, 0, 0, 0, 0, 0, 0, 0, 0, 8, 0, 0, 0, 0, 0, 0, 0, 0, 0, 0, 0, 0, 0, 0
clothing_store, 29, 2, 7, 3, 10, 117, 10, 6, 26, 130, 62, 10, 8, 1, 18, -79, -91, -45, -92, -35, 9, 10818, 61965, 0, 0, 0, 0, 0, 0, 0, 0, 8, 0, 0, 0, 0, 0, 0, 0, 0, 0, 0, 0, 0, 0, 0
clothing_store, 24, 2, 5, 2, 8, 84, 8, 6, 12, 89, 91, 11, 7, 1, 16, -79, -88, -42, -90, -36, 9, 12598, 62147, 0, 0, 0, 0, 0, 0, 0, 0, 7, 0, 0, 0, 0, 0, 0, 0, 0, 0, 0, 0, 0, 0, 0
clothing_store, 21, 5, 5, 1, 6, 77, 9, 6, 26, 78, 59, 10, 7, 1, 19, -78, -89, -43, -92, -37, 8, 8983, 54354, 0, 0, 0, 0, 0, 0, 0, 0, 6, 0, 0, 0, 0, 0, 0, 0, 0, 0, 0, 0, 0, 0, 0