label, device_count, lost_devices, new_devices, different_services, services_count, txpower_count, tx_power_avg, min_txpower, max_txpower, man_packet_len_count, manufacturer_data_lengths_sum, manufacturer_data_len_avg, avg_received, min_received, max_received, avg_avg_rssi, min_avg_rssi, max_avg_rssi, min_rssi, max_rssi, avg_rssi_difference, avg_avg_difference_between_beacons, avg_difference_first_last, 0af0, 1802, 180f, 1812, 1826, 2222, ec88, fd5a, fd6f, fdd2, fddf, fe03, fe07, fe0f, fe61, fe9f, fea0, feb9, febe, fee0, ff0d, ffc0, ffe0
clothing_store, 27, 1, 6, 4, 10, 113, 10, 6, 26, 145, 91, 12, 10, 1, 37, -76, -90, -47, -90, -45, 9, 9057, 66189, 1, 0, 0, 0, 0, 0, 0, 0, 7, 0, 0, 0, 0, 0, 0, 0, 0, 0, 0, 0, 0, 0, 0
clothing_store, 22, 2, 1, 3, 8, 87, 9, 6, 26, 107, 62, 12, 9, 1, 23, -76, -85, -50, -90, -45, 9, 7948, 61290, 1, 0, 0, 0, 0, 0, 0, 0, 6, 0, 0, 0, 0, 0, 0, 0, 0, 0, 0, 0, 0, 0, 0
clothing_store, 23, 4, 1, 3, 7, 129, 10, 6, 26, 140, 62, 11, 11, 2, 21, -76, -88, -50, -91, -47, 12, 8504, 75483, 1, 0, 0, 0, 0, 0, 0, 0, 5, 0, 0, 0, 0, 0, 0, 0, 0, 0, 0, 0, 0, 0, 0
clothing_store, 26, 2, 2, 3, 8, 80, 11, 6, 26, 82, 80, 11, 6, 1, 17, -80, -91, -44, -91, -41, 4, 12775, 51383, 0, 0, 0, 0, 0, 0, 0, 0, 6, 0, 0, 0, 0, 0, 0, 0, 0, 0, 0, 0, 0, 0, 0
clothing_store, 26, 7, 3, 4, 9, 99, 10, 6, 26, 138, 105, 14, 10, 1, 64, -78, -89, -39, -89, -28, 7, 8459, 58319, 1, 0, 0, 0, 0, 0, 0, 0, 6, 0, 0, 0, 0, 0, 0, 0, 0, 0, 0, 0, 0, 0, 0