label, device_count, lost_devices, new_devices, different_services, services_count, txpower_count, tx_power_avg, min_txpower, max_txpower, man_packet_len_count, manufacturer_data_lengths_sum, manufacturer_data_len_avg, avg_received, min_received, max_received, avg_avg_rssi, min_avg_rssi, max_avg_rssi, min_rssi, max_rssi, avg_rssi_difference, avg_avg_difference_between_beacons, avg_difference_first_last, 0af0, 1802, 180f, 1812, 1826, 2222, ec88, fd5a, fd6f, fdd2, fddf, fe03, fe07, fe0f, fe61, fe9f, fea0, feb9, febe, fee0, ff0d, ffc0, ffe0
supermarket, 13, 0, 0, 1, 4, 62, 14, 8, 24, 62, 30, 9, 11, 2, 22, -77, -87, -50, -91, -42, 11, 9215, 73026, 0, 0, 0, 0, 0, 0, 0, 0, 4, 0, 0, 0, 0, 0, 0, 0, 0, 0, 0, 0, 0, 0, 0
supermarket, 13, 3, 0, 1, 4, 62, 15, 8, 24, 62, 30, 9, 12, 4, 24, -75, -85, -50, -90, -44, 10, 9213, 77870, 0, 0, 0, 0, 0, 0, 0, 0, 4, 0, 0, 0, 0, 0, 0, 0, 0, 0, 0, 0, 0, 0, 0
supermarket, 16, 3, 0, 1, 4, 70, 14, 5, 24, 70, 55, 10, 9, 1, 22, -78, -90, -48, -91, -43, 8, 7307, 68855, 0, 0, 0, 0, 0, 0, 0, 0, 4, 0, 0, 0, 0, 0, 0, 0, 0, 0, 0, 0, 0, 0, 0
supermarket, 19, 3, 0, 1, 6, 67, 14, 5, 24, 71, 55, 10, 9, 1, 21, -78, -90, -47, -90, -41, 7, 10139, 61836, 0, 0, 0, 0, 0, 0, 0, 0, 6, 0, 0, 0, 0, 0, 0, 0, 0, 0, 0, 0, 0, 0, 0
supermarket, 22, 1, 6, 1, 7, 71, 13, 5, 24, 78, 55, 11, 8, 1, 21, -79, -90, -45, -90, -40, 7, 6875, 56378, 0, 0, 0, 0, 0, 0, 0, 0, 7, 0, 0, 0, 0, 0, 0, 0, 0, 0, 0, 0, 0, 0, 0