label, device_count, lost_devices, new_devices, different_services, services_count, txpower_count, tx_power_avg, min_txpower, max_txpower, man_packet_len_count, manufacturer_data_lengths_sum, manufacturer_data_len_avg, avg_received, min_received, max_received, avg_avg_rssi, min_avg_rssi, max_avg_rssi, min_rssi, max_rssi, avg_rssi_difference, avg_avg_difference_between_beacons, avg_difference_first_last, 0af0, 1802, 180f, 1812, 1826, 2222, ec88, fd5a, fd6f, fdd2, fddf, fe03, fe07, fe0f, fe61, fe9f, fea0, feb9, febe, fee0, ff0d, ffc0, ffe0
supermarket, 4, 1, 0, 1, 2, 12, 8, 8, 8, 12, 20, 10, 12, 1, 21, -64, -87, -45, -90, -41, 10, 4650, 66606, 0, 0, 0, 0, 0, 0, 0, 0, 2, 0, 0, 0, 0, 0, 0, 0, 0, 0, 0, 0, 0, 0, 0
supermarket, 5, 4, 1, 1, 2, 12, 8, 8, 12, 12, 30, 10, 9, 1, 20, -69, -88, -46, -88, -43, 5, 3929, 51543, 0, 0, 0, 0, 0, 0, 0, 0, 2, 0, 0, 0, 0, 0, 0, 0, 0, 0, 0, 0, 0, 0, 0
supermarket, 8, 0, 2, 2, 5, 18, 10, 8, 24, 18, 30, 10, 7, 1, 21, -75, -90, -47, -90, -45, 4, 11948, 48893, 0, 0, 0, 0, 0, 0, 0, 0, 4, 0, 0, 0, 0, 0, 0, 0, 0, 0, 0, 0, 0, 0, 0
supermarket, 6, 0, 0, 2, 4, 14, 9, 8, 12, 14, 21, 10, 11, 3, 20, -71, -87, -49, -88, -44, 5, 12613, 77802, 0, 0, 0, 0, 0, 0, 0, 0, 3, 0, 0, 0, 0, 0, 0, 0, 0, 0, 0, 0, 0, 0, 0
supermarket, 6, 10, 3, 1, 3, 15, 9, 8, 12, 15, 21, 10, 10, 2, 22, -71, -89, -46, -90, -45, 6, 14386, 67035, 0, 0, 0, 0, 0, 0, 0, 0, 3, 0, 0, 0, 0, 0, 0, 0, 0, 0, 0, 0, 0, 0, 0