label, device_count, lost_devices, new_devices, different_services, services_count, txpower_count, tx_power_avg, min_txpower, max_txpower, man_packet_len_count, manufacturer_data_lengths_sum, manufacturer_data_len_avg, avg_received, min_received, max_received, avg_avg_rssi, min_avg_rssi, max_avg_rssi, min_rssi, max_rssi, avg_rssi_difference, avg_avg_difference_between_beacons, avg_difference_first_last, 0af0, 1802, 180f, 1812, 1826, 2222, ec88, fd5a, fd6f, fdd2, fddf, fe03, fe07, fe0f, fe61, fe9f, fea0, feb9, febe, fee0, ff0d, ffc0, ffe0
supermarket, 6, 7, 0, 1, 3, 17, 12, 8, 24, 17, 20, 10, 8, 1, 21, -71, -91, -44, -94, -37, 9, 10053, 53586, 0, 0, 0, 0, 0, 0, 0, 0, 3, 0, 0, 0, 0, 0, 0, 0, 0, 0, 0, 0, 0, 0, 0
supermarket, 13, 0, 3, 1, 5, 37, 12, 8, 24, 37, 30, 10, 6, 1, 19, -79, -90, -47, -90, -44, 5, 11071, 53419, 0, 0, 0, 0, 0, 0, 0, 0, 5, 0, 0, 0, 0, 0, 0, 0, 0, 0, 0, 0, 0, 0, 0
supermarket, 10, 2, 1, 1, 4, 34, 12, 8, 24, 34, 20, 9, 9, 1, 17, -76, -90, -46, -90, -45, 6, 11219, 64385, 0, 0, 0, 0, 0, 0, 0, 0, 4, 0, 0, 0, 0, 0, 0, 0, 0, 0, 0, 0, 0, 0, 0
supermarket, 11, 0, 7, 1, 4, 27, 12, 8, 24, 27, 20, 10, 6, 1, 22, -77, -88, -44, -89, -39, 3, 11457, 47081, 0, 0, 0, 0, 0, 0, 0, 0, 4, 0, 0, 0, 0, 0, 0, 0, 0, 0, 0, 0, 0, 0, 0
supermarket, 4, 1, 1, 1, 2, 12, 9, 8, 24, 12, 20, 10, 13, 2, 22, -60, -83, -45, -84, -40, 8, 5012, 66310, 0, 0, 0, 0, 0, 0, 0, 0, 2, 0, 0, 0, 0, 0, 0, 0, 0, 0, 0, 0, 0, 0, 0