label, device_count, lost_devices, new_devices, different_services, services_count, txpower_count, tx_power_avg, min_txpower, max_txpower, man_packet_len_count, manufacturer_data_lengths_sum, manufacturer_data_len_avg, avg_received, min_received, max_received, avg_avg_rssi, min_avg_rssi, max_avg_rssi, min_rssi, max_rssi, avg_rssi_difference, avg_avg_difference_between_beacons, avg_difference_first_last, 0af0, 1802, 180f, 1812, 1826, 2222, ec88, fd5a, fd6f, fdd2, fddf, fe03, fe07, fe0f, fe61, fe9f, fea0, feb9, febe, fee0, ff0d, ffc0, ffe0
supermarket, 30, 1, 6, 1, 10, 101, 14, 5, 24, 106, 59, 11, 7, 1, 21, -80, -90, -44, -90, -38, 8, 9813, 54314, 0, 0, 0, 0, 0, 0, 0, 0, 10, 0, 0, 0, 0, 0, 0, 0, 0, 0, 0, 0, 0, 0, 0
supermarket, 25, 4, 4, 1, 9, 73, 13, 5, 24, 72, 30, 9, 7, 1, 22, -79, -89, -46, -90, -39, 6, 8343, 56104, 0, 0, 0, 0, 0, 0, 0, 0, 9, 0, 0, 0, 0, 0, 0, 0, 0, 0, 0, 0, 0, 0, 0
supermarket, 25, 5, 6, 1, 9, 85, 12, 5, 24, 83, 30, 9, 7, 1, 22, -79, -90, -47, -91, -44, 6, 10675, 53562, 0, 0, 0, 0, 0, 0, 0, 0, 9, 0, 0, 0, 0, 0, 0, 0, 0, 0, 0, 0, 0, 0, 0
supermarket, 24, 2, 8, 1, 7, 80, 12, 5, 24, 78, 30, 9, 6, 1, 18, -80, -89, -46, -91, -44, 6, 13603, 57771, 0, 0, 0, 0, 0, 0, 0, 0, 7, 0, 0, 0, 0, 0, 0, 0, 0, 0, 0, 0, 0, 0, 0
supermarket, 18, 8, 0, 1, 4, 71, 12, 5, 24, 69, 30, 9, 7, 1, 22, -78, -87, -47, -90, -44, 7, 12555, 59303, 0, 0, 0, 0, 0, 0, 0, 0, 4, 0, 0, 0, 0, 0, 0, 0, 0, 0, 0, 0, 0, 0, 0