label, device_count, lost_devices, new_devices, different_services, services_count, txpower_count, tx_power_avg, min_txpower, max_txpower, man_packet_len_count, manufacturer_data_lengths_sum, manufacturer_data_len_avg, avg_received, min_received, max_received, avg_avg_rssi, min_avg_rssi, max_avg_rssi, min_rssi, max_rssi, avg_rssi_difference, avg_avg_difference_between_beacons, avg_difference_first_last, 0af0, 1802, 180f, 1812, 1826, 2222, ec88, fd5a, fd6f, fdd2, fddf, fe03, fe07, fe0f, fe61, fe9f, fea0, feb9, febe, fee0, ff0d, ffc0, ffe0
supermarket, 19, 5, 1, 2, 7, 52, 9, 8, 12, 103, 85, 18, 10, 1, 88, -78, -89, -48, -91, -44, 8, 7121, 50169, 0, 0, 0, 0, 0, 0, 0, 1, 6, 0, 0, 0, 0, 0, 0, 0, 0, 0, 0, 0, 0, 0, 0
supermarket, 23, 4, 2, 3, 10, 77, 9, 7, 12, 85, 85, 11, 8, 1, 25, -78, -89, -46, -90, -39, 7, 8262, 53408, 0, 0, 0, 0, 0, 0, 0, 1, 8, 0, 0, 0, 0, 0, 0, 0, 0, 0, 0, 0, 0, 0, 0
supermarket, 25, 0, 9, 3, 10, 59, 9, 7, 12, 70, 108, 12, 6, 1, 22, -78, -91, -39, -91, -35, 7, 9875, 48015, 0, 0, 0, 0, 0, 0, 0, 1, 8, 0, 0, 0, 0, 0, 0, 0, 0, 0, 0, 0, 0, 0, 0
supermarket, 16, 3, 3, 2, 6, 50, 8, 7, 12, 55, 108, 11, 7, 1, 21, -76, -87, -43, -91, -36, 7, 10654, 54051, 0, 0, 0, 0, 0, 0, 0, 1, 5, 0, 0, 0, 0, 0, 0, 0, 0, 0, 0, 0, 0, 0, 0
supermarket, 16, 2, 2, 3, 6, 49, 9, 7, 12, 52, 59, 11, 7, 1, 20, -77, -91, -40, -91, -36, 5, 6145, 44762, 0, 0, 0, 0, 0, 0, 0, 1, 4, 0, 0, 0, 0, 0, 0, 0, 0, 0, 0, 0, 0, 0, 0