label, device_count, lost_devices, new_devices, different_services, services_count, txpower_count, tx_power_avg, min_txpower, max_txpower, man_packet_len_count, manufacturer_data_lengths_sum, manufacturer_data_len_avg, avg_received, min_received, max_received, avg_avg_rssi, min_avg_rssi, max_avg_rssi, min_rssi, max_rssi, avg_rssi_difference, avg_avg_difference_between_beacons, avg_difference_first_last, 0af0, 1802, 180f, 1812, 1826, 2222, ec88, fd5a, fd6f, fdd2, fddf, fe03, fe07, fe0f, fe61, fe9f, fea0, feb9, febe, fee0, ff0d, ffc0, ffe0
supermarket, 12, 4, 1, 2, 4, 32, 15, 8, 26, 40, 59, 17, 7, 1, 20, -76, -87, -46, -90, -39, 6, 13251, 52617, 0, 0, 0, 0, 0, 0, 0, 0, 3, 0, 0, 0, 0, 0, 0, 0, 1, 0, 0, 0, 0, 0, 0
supermarket, 15, 5, 2, 2, 5, 40, 15, 7, 26, 44, 59, 17, 7, 1, 24, -74, -88, -46, -90, -42, 6, 8169, 46476, 0, 0, 0, 0, 0, 0, 0, 0, 4, 0, 0, 0, 0, 0, 0, 0, 1, 0, 0, 0, 0, 0, 0
supermarket, 18, 2, 5, 3, 8, 51, 15, 7, 26, 51, 59, 15, 7, 1, 25, -78, -90, -48, -91, -37, 8, 12896, 60532, 0, 0, 0, 0, 0, 0, 0, 0, 6, 0, 0, 0, 0, 0, 0, 0, 1, 0, 1, 0, 0, 0, 0
supermarket, 15, 3, 2, 3, 5, 36, 18, 8, 26, 48, 59, 20, 7, 1, 25, -74, -87, -42, -90, -39, 5, 10390, 56175, 0, 0, 0, 0, 0, 0, 0, 0, 3, 0, 0, 0, 0, 0, 0, 0, 1, 0, 1, 0, 0, 0, 0
supermarket, 16, 3, 4, 3, 6, 40, 16, 8, 26, 47, 59, 18, 7, 1, 27, -76, -90, -44, -90, -39, 7, 19970, 62004, 0, 0, 0, 0, 0, 0, 0, 0, 4, 0, 0, 0, 0, 0, 0, 0, 1, 0, 1, 0, 0, 0, 0