label, device_count, lost_devices, new_devices, different_services, services_count, txpower_count, tx_power_avg, min_txpower, max_txpower, man_packet_len_count, manufacturer_data_lengths_sum, manufacturer_data_len_avg, avg_received, min_received, max_received, avg_avg_rssi, min_avg_rssi, max_avg_rssi, min_rssi, max_rssi, avg_rssi_difference, avg_avg_difference_between_beacons, avg_difference_first_last, 0af0, 1802, 180f, 1812, 1826, 2222, ec88, fd5a, fd6f, fdd2, fddf, fe03, fe07, fe0f, fe61, fe9f, fea0, feb9, febe, fee0, ff0d, ffc0, ffe0
supermarket, 8, 7, 1, 3, 3, 15, 10, 8, 12, 37, 50, 21, 7, 1, 15, -71, -90, -44, -92, -38, 9, 12271, 56945, 0, 0, 0, 0, 0, 0, 0, 0, 1, 0, 0, 0, 0, 0, 0, 0, 1, 0, 1, 0, 0, 0, 0
supermarket, 14, 4, 1, 3, 6, 23, 10, 4, 26, 52, 50, 21, 6, 1, 21, -75, -89, -43, -89, -35, 8, 4590, 40990, 0, 0, 0, 0, 0, 0, 0, 0, 4, 0, 0, 0, 0, 0, 0, 0, 1, 0, 1, 0, 0, 0, 0
supermarket, 17, 3, 5, 3, 6, 32, 9, 4, 26, 66, 50, 21, 7, 1, 21, -75, -89, -41, -89, -33, 7, 6792, 52481, 0, 0, 0, 0, 0, 0, 0, 0, 4, 0, 0, 0, 0, 0, 0, 0, 1, 0, 1, 0, 0, 0, 0
supermarket, 15, 6, 1, 3, 5, 33, 10, 4, 26, 59, 50, 19, 7, 2, 18, -75, -88, -39, -91, -34, 7, 15973, 61495, 0, 0, 0, 0, 0, 0, 0, 0, 3, 0, 0, 0, 0, 0, 0, 0, 1, 0, 1, 0, 0, 0, 0
supermarket, 20, 6, 4, 3, 5, 37, 10, 4, 26, 66, 59, 19, 6, 1, 23, -77, -90, -39, -90, -34, 5, 11300, 48906, 0, 0, 0, 0, 0, 0, 0, 0, 3, 0, 0, 0, 0, 0, 0, 0, 1, 0, 1, 0, 0, 0, 0