label, device_count, lost_devices, new_devices, different_services, services_count, txpower_count, tx_power_avg, min_txpower, max_txpower, man_packet_len_count, manufacturer_data_lengths_sum, manufacturer_data_len_avg, avg_received, min_received, max_received, avg_avg_rssi, min_avg_rssi, max_avg_rssi, min_rssi, max_rssi, avg_rssi_difference, avg_avg_difference_between_beacons, avg_difference_first_last, 0af0, 1802, 180f, 1812, 1826, 2222, ec88, fd5a, fd6f, fdd2, fddf, fe03, fe07, fe0f, fe61, fe9f, fea0, feb9, febe, fee0, ff0d, ffc0, ffe0
supermarket, 7, 2, 1, 1, 3, 17, 12, 8, 26, 28, 50, 20, 10, 2, 22, -70, -89, -46, -90, -41, 10, 5612, 57821, 0, 0, 0, 0, 0, 0, 0, 0, 3, 0, 0, 0, 0, 0, 0, 0, 0, 0, 0, 0, 0, 0, 0
supermarket, 8, 1, 2, 1, 2, 26, 14, 8, 26, 37, 50, 19, 8, 1, 19, -71, -87, -46, -88, -41, 7, 15137, 64162, 0, 0, 0, 0, 0, 0, 0, 0, 2, 0, 0, 0, 0, 0, 0, 0, 0, 0, 0, 0, 0, 0, 0
supermarket, 7, 2, 1, 2, 2, 23, 12, 8, 26, 36, 50, 19, 9, 1, 22, -68, -86, -48, -88, -41, 11, 7144, 63787, 0, 0, 0, 0, 0, 0, 0, 0, 1, 0, 0, 0, 0, 0, 0, 0, 1, 0, 0, 0, 0, 0, 0
supermarket, 8, 0, 3, 3, 3, 21, 9, 8, 12, 38, 50, 18, 7, 1, 22, -72, -87, -48, -88, -40, 6, 4484, 44773, 0, 0, 0, 0, 0, 0, 0, 0, 1, 0, 0, 0, 0, 0, 0, 0, 1, 0, 1, 0, 0, 0, 0
supermarket, 5, 3, 0, 1, 1, 19, 9, 8, 12, 34, 50, 18, 11, 1, 23, -63, -87, -47, -90, -40, 14, 6184, 68910, 0, 0, 0, 0, 0, 0, 0, 0, 1, 0, 0, 0, 0, 0, 0, 0, 0, 0, 0, 0, 0, 0, 0