label, device_count, lost_devices, new_devices, different_services, services_count, txpower_count, tx_power_avg, min_txpower, max_txpower, man_packet_len_count, manufacturer_data_lengths_sum, manufacturer_data_len_avg, avg_received, min_received, max_received, avg_avg_rssi, min_avg_rssi, max_avg_rssi, min_rssi, max_rssi, avg_rssi_difference, avg_avg_difference_between_beacons, avg_difference_first_last, 0af0, 1802, 180f, 1812, 1826, 2222, ec88, fd5a, fd6f, fdd2, fddf, fe03, fe07, fe0f, fe61, fe9f, fea0, feb9, febe, fee0, ff0d, ffc0, ffe0
supermarket, 12, 1, 3, 2, 4, 30, 12, 8, 26, 56, 59, 20, 7, 1, 19, -76, -89, -50, -90, -40, 9, 11560, 57345, 0, 0, 0, 0, 0, 0, 0, 0, 3, 0, 0, 0, 0, 0, 0, 0, 1, 0, 0, 0, 0, 0, 0
supermarket, 10, 1, 4, 2, 3, 22, 13, 8, 26, 34, 50, 19, 7, 1, 20, -75, -90, -49, -90, -40, 7, 6009, 45929, 0, 0, 0, 0, 0, 0, 0, 0, 2, 0, 0, 0, 0, 0, 0, 0, 1, 0, 0, 0, 0, 0, 0
supermarket, 7, 2, 2, 1, 1, 17, 13, 8, 26, 33, 50, 22, 8, 1, 18, -70, -88, -45, -89, -37, 7, 6986, 49268, 0, 0, 0, 0, 0, 0, 0, 0, 1, 0, 0, 0, 0, 0, 0, 0, 0, 0, 0, 0, 0, 0, 0
supermarket, 7, 0, 2, 1, 2, 18, 16, 8, 26, 30, 40, 23, 9, 1, 20, -71, -89, -47, -90, -40, 8, 7523, 61794, 0, 0, 0, 0, 0, 0, 0, 0, 2, 0, 0, 0, 0, 0, 0, 0, 0, 0, 0, 0, 0, 0, 0
supermarket, 5, 3, 1, 1, 2, 11, 8, 8, 8, 32, 40, 22, 13, 6, 22, -62, -84, -44, -88, -39, 13, 8523, 82746, 0, 0, 0, 0, 0, 0, 0, 0, 2, 0, 0, 0, 0, 0, 0, 0, 0, 0, 0, 0, 0, 0, 0