label, device_count, lost_devices, new_devices, different_services, services_count, txpower_count, tx_power_avg, min_txpower, max_txpower, man_packet_len_count, manufacturer_data_lengths_sum, manufacturer_data_len_avg, avg_received, min_received, max_received, avg_avg_rssi, min_avg_rssi, max_avg_rssi, min_rssi, max_rssi, avg_rssi_difference, avg_avg_difference_between_beacons, avg_difference_first_last, 0af0, 1802, 180f, 1812, 1826, 2222, ec88, fd5a, fd6f, fdd2, fddf, fe03, fe07, fe0f, fe61, fe9f, fea0, feb9, febe, fee0, ff0d, ffc0, ffe0
supermarket, 13, 5, 1, 3, 5, 28, 9, 4, 12, 56, 50, 20, 7, 1, 21, -75, -87, -49, -90, -44, 8, 16403, 62285, 0, 0, 0, 0, 0, 0, 0, 0, 3, 0, 0, 0, 0, 0, 0, 0, 1, 0, 0, 0, 0, 0, 0
supermarket, 17, 0, 7, 3, 8, 37, 10, 4, 12, 67, 50, 18, 6, 1, 22, -77, -90, -47, -92, -41, 8, 9716, 49889, 0, 0, 0, 0, 0, 0, 0, 0, 6, 0, 0, 0, 0, 0, 0, 0, 1, 0, 0, 0, 0, 0, 0
supermarket, 10, 3, 1, 2, 4, 21, 10, 8, 12, 51, 50, 21, 8, 1, 18, -74, -92, -49, -92, -40, 8, 9943, 51542, 0, 0, 0, 0, 0, 0, 0, 0, 3, 0, 0, 0, 0, 0, 0, 0, 1, 0, 0, 0, 0, 0, 0
supermarket, 12, 1, 3, 2, 4, 30, 12, 8, 26, 56, 59, 20, 7, 1, 19, -76, -89, -50, -90, -40, 9, 11560, 57345, 0, 0, 0, 0, 0, 0, 0, 0, 3, 0, 0, 0, 0, 0, 0, 0, 1, 0, 0, 0, 0, 0, 0
supermarket, 10, 1, 4, 2, 3, 22, 13, 8, 26, 34, 50, 19, 7, 1, 20, -75, -90, -49, -90, -40, 7, 6009, 45929, 0, 0, 0, 0, 0, 0, 0, 0, 2, 0, 0, 0, 0, 0, 0, 0, 1, 0, 0, 0, 0, 0, 0