label, device_count, lost_devices, new_devices, different_services, services_count, txpower_count, tx_power_avg, min_txpower, max_txpower, man_packet_len_count, manufacturer_data_lengths_sum, manufacturer_data_len_avg, avg_received, min_received, max_received, avg_avg_rssi, min_avg_rssi, max_avg_rssi, min_rssi, max_rssi, avg_rssi_difference, avg_avg_difference_between_beacons, avg_difference_first_last, 0af0, 1802, 180f, 1812, 1826, 2222, ec88, fd5a, fd6f, fdd2, fddf, fe03, fe07, fe0f, fe61, fe9f, fea0, feb9, febe, fee0, ff0d, ffc0, ffe0
supermarket, 9, 1, 2, 2, 3, 17, 9, 8, 12, 41, 59, 21, 8, 1, 18, -69, -90, -37, -90, -29, 7, 6765, 60415, 0, 0, 0, 0, 0, 0, 0, 0, 2, 0, 0, 0, 0, 0, 0, 0, 1, 0, 0, 0, 0, 0, 0
supermarket, 8, 3, 2, 2, 2, 20, 10, 8, 12, 68, 76, 22, 12, 1, 36, -70, -89, -47, -89, -40, 9, 7706, 69798, 0, 0, 0, 0, 0, 0, 0, 0, 1, 0, 0, 0, 0, 0, 0, 0, 1, 0, 0, 0, 0, 0, 0
supermarket, 9, 1, 0, 3, 5, 12, 9, 4, 12, 84, 76, 24, 14, 1, 72, -71, -88, -47, -89, -43, 7, 5569, 52221, 0, 0, 0, 0, 0, 0, 0, 0, 3, 0, 0, 0, 0, 0, 0, 0, 1, 0, 0, 0, 0, 0, 0
supermarket, 10, 4, 1, 3, 5, 23, 9, 4, 12, 50, 50, 20, 8, 1, 19, -73, -89, -47, -91, -42, 7, 7938, 49930, 0, 0, 0, 0, 0, 0, 0, 0, 3, 0, 0, 0, 0, 0, 0, 0, 1, 0, 0, 0, 0, 0, 0
supermarket, 13, 5, 1, 3, 5, 28, 9, 4, 12, 56, 50, 20, 7, 1, 21, -75, -87, -49, -90, -44, 8, 16403, 62285, 0, 0, 0, 0, 0, 0, 0, 0, 3, 0, 0, 0, 0, 0, 0, 0, 1, 0, 0, 0, 0, 0, 0