label, device_count, lost_devices, new_devices, different_services, services_count, txpower_count, tx_power_avg, min_txpower, max_txpower, man_packet_len_count, manufacturer_data_lengths_sum, manufacturer_data_len_avg, avg_received, min_received, max_received, avg_avg_rssi, min_avg_rssi, max_avg_rssi, min_rssi, max_rssi, avg_rssi_difference, avg_avg_difference_between_beacons, avg_difference_first_last, 0af0, 1802, 180f, 1812, 1826, 2222, ec88, fd5a, fd6f, fdd2, fddf, fe03, fe07, fe0f, fe61, fe9f, fea0, feb9, febe, fee0, ff0d, ffc0, ffe0
supermarket, 12, 3, 2, 2, 3, 22, 9, 8, 26, 55, 50, 21, 7, 1, 19, -73, -89, -36, -91, -31, 6, 10266, 57484, 0, 0, 0, 0, 0, 0, 0, 0, 2, 0, 0, 0, 0, 0, 0, 0, 1, 0, 0, 0, 0, 0, 0
supermarket, 13, 0, 3, 3, 4, 20, 8, 8, 12, 45, 50, 20, 5, 1, 23, -75, -90, -36, -90, -31, 4, 10747, 46894, 0, 0, 0, 0, 0, 0, 0, 0, 2, 0, 0, 0, 0, 0, 0, 0, 1, 0, 1, 0, 0, 0, 0
supermarket, 10, 0, 1, 2, 3, 15, 8, 8, 8, 54, 76, 23, 8, 1, 20, -71, -89, -37, -89, -31, 6, 9184, 60393, 0, 0, 0, 0, 0, 0, 0, 0, 2, 0, 0, 0, 0, 0, 0, 0, 1, 0, 0, 0, 0, 0, 0
supermarket, 9, 2, 3, 2, 3, 14, 8, 8, 8, 58, 76, 23, 9, 1, 19, -69, -88, -38, -91, -32, 7, 6325, 53000, 0, 0, 0, 0, 0, 0, 0, 0, 2, 0, 0, 0, 0, 0, 0, 0, 1, 0, 0, 0, 0, 0, 0
supermarket, 8, 1, 1, 2, 2, 14, 10, 8, 26, 43, 59, 23, 8, 1, 20, -68, -90, -38, -90, -33, 6, 6692, 51784, 0, 0, 0, 0, 0, 0, 0, 0, 1, 0, 0, 0, 0, 0, 0, 0, 1, 0, 0, 0, 0, 0, 0