label, device_count, lost_devices, new_devices, different_services, services_count, txpower_count, tx_power_avg, min_txpower, max_txpower, man_packet_len_count, manufacturer_data_lengths_sum, manufacturer_data_len_avg, avg_received, min_received, max_received, avg_avg_rssi, min_avg_rssi, max_avg_rssi, min_rssi, max_rssi, avg_rssi_difference, avg_avg_difference_between_beacons, avg_difference_first_last, 0af0, 1802, 180f, 1812, 1826, 2222, ec88, fd5a, fd6f, fdd2, fddf, fe03, fe07, fe0f, fe61, fe9f, fea0, feb9, febe, fee0, ff0d, ffc0, ffe0
clothing_store, 16, 6, 1, 1, 5, 64, 14, 7, 26, 81, 59, 13, 10, 1, 22, -72, -89, -44, -89, -37, 11, 7031, 67341, 0, 0, 0, 0, 0, 0, 0, 0, 5, 0, 0, 0, 0, 0, 0, 0, 0, 0, 0, 0, 0, 0, 0
clothing_store, 21, 2, 4, 1, 7, 68, 14, 6, 26, 86, 59, 13, 8, 1, 23, -76, -90, -45, -91, -39, 9, 6410, 51381, 0, 0, 0, 0, 0, 0, 0, 0, 7, 0, 0, 0, 0, 0, 0, 0, 0, 0, 0, 0, 0, 0, 0
clothing_store, 19, 1, 2, 1, 7, 65, 14, 6, 26, 89, 59, 15, 10, 1, 25, -74, -90, -43, -91, -38, 10, 9918, 70026, 0, 0, 0, 0, 0, 0, 0, 0, 7, 0, 0, 0, 0, 0, 0, 0, 0, 0, 0, 0, 0, 0, 0
clothing_store, 18, 2, 2, 1, 6, 79, 14, 7, 26, 100, 59, 14, 11, 1, 23, -73, -87, -44, -88, -40, 11, 9873, 81980, 0, 0, 0, 0, 0, 0, 0, 0, 6, 0, 0, 0, 0, 0, 0, 0, 0, 0, 0, 0, 0, 0, 0
clothing_store, 18, 7, 1, 2, 7, 76, 14, 6, 26, 99, 59, 14, 12, 1, 25, -74, -85, -42, -89, -38, 9, 8112, 73424, 0, 0, 0, 0, 0, 0, 0, 0, 6, 0, 0, 0, 0, 0, 0, 0, 0, 0, 0, 0, 0, 0, 0