label, device_count, lost_devices, new_devices, different_services, services_count, txpower_count, tx_power_avg, min_txpower, max_txpower, man_packet_len_count, manufacturer_data_lengths_sum, manufacturer_data_len_avg, avg_received, min_received, max_received, avg_avg_rssi, min_avg_rssi, max_avg_rssi, min_rssi, max_rssi, avg_rssi_difference, avg_avg_difference_between_beacons, avg_difference_first_last, 0af0, 1802, 180f, 1812, 1826, 2222, ec88, fd5a, fd6f, fdd2, fddf, fe03, fe07, fe0f, fe61, fe9f, fea0, feb9, febe, fee0, ff0d, ffc0, ffe0
clothing_store, 25, 7, 5, 1, 8, 66, 14, 6, 26, 91, 67, 14, 7, 1, 32, -76, -89, -32, -89, -31, 4, 7155, 41268, 0, 0, 0, 0, 0, 0, 0, 0, 8, 0, 0, 0, 0, 0, 0, 0, 0, 0, 0, 0, 0, 0, 0
clothing_store, 27, 4, 6, 1, 10, 67, 13, 6, 26, 94, 59, 15, 7, 1, 28, -77, -90, -33, -90, -31, 6, 7260, 45289, 0, 0, 0, 0, 0, 0, 0, 0, 10, 0, 0, 0, 0, 0, 0, 0, 0, 0, 0, 0, 0, 0, 0
clothing_store, 25, 4, 6, 1, 9, 85, 13, 6, 26, 109, 59, 13, 9, 1, 27, -76, -90, -33, -90, -32, 6, 7618, 58378, 0, 0, 0, 0, 0, 0, 0, 0, 9, 0, 0, 0, 0, 0, 0, 0, 0, 0, 0, 0, 0, 0, 0
clothing_store, 23, 1, 8, 1, 7, 70, 13, 6, 26, 88, 59, 13, 7, 1, 21, -76, -89, -41, -90, -34, 8, 8716, 56272, 0, 0, 0, 0, 0, 0, 0, 0, 7, 0, 0, 0, 0, 0, 0, 0, 0, 0, 0, 0, 0, 0, 0
clothing_store, 16, 6, 1, 1, 5, 64, 14, 7, 26, 81, 59, 13, 10, 1, 22, -72, -89, -44, -89, -37, 11, 7031, 67341, 0, 0, 0, 0, 0, 0, 0, 0, 5, 0, 0, 0, 0, 0, 0, 0, 0, 0, 0, 0, 0, 0, 0