label, device_count, lost_devices, new_devices, different_services, services_count, txpower_count, tx_power_avg, min_txpower, max_txpower, man_packet_len_count, manufacturer_data_lengths_sum, manufacturer_data_len_avg, avg_received, min_received, max_received, avg_avg_rssi, min_avg_rssi, max_avg_rssi, min_rssi, max_rssi, avg_rssi_difference, avg_avg_difference_between_beacons, avg_difference_first_last, 0af0, 1802, 180f, 1812, 1826, 2222, ec88, fd5a, fd6f, fdd2, fddf, fe03, fe07, fe0f, fe61, fe9f, fea0, feb9, febe, fee0, ff0d, ffc0, ffe0
clothing_store, 19, 2, 5, 1, 7, 120, 20, 6, 26, 147, 73, 15, 7, 1, 100, -76, -88, -48, -90, -43, 7, 6564, 49920, 0, 0, 0, 0, 0, 0, 0, 0, 7, 0, 0, 0, 0, 0, 0, 0, 0, 0, 0, 0, 0, 0, 0
clothing_store, 16, 4, 4, 1, 5, 51, 16, 6, 26, 77, 73, 16, 9, 1, 33, -77, -90, -49, -90, -43, 9, 11861, 58889, 0, 0, 0, 0, 0, 0, 0, 0, 5, 0, 0, 0, 0, 0, 0, 0, 0, 0, 0, 0, 0, 0, 0
clothing_store, 16, 7, 5, 1, 3, 46, 15, 6, 26, 71, 59, 16, 8, 1, 31, -74, -90, -41, -90, -31, 7, 4645, 48660, 0, 0, 0, 0, 0, 0, 0, 0, 3, 0, 0, 0, 0, 0, 0, 0, 0, 0, 0, 0, 0, 0, 0
clothing_store, 18, 13, 3, 1, 6, 56, 15, 6, 26, 79, 59, 15, 9, 1, 34, -74, -91, -38, -91, -32, 8, 9250, 52377, 0, 0, 0, 0, 0, 0, 0, 0, 6, 0, 0, 0, 0, 0, 0, 0, 0, 0, 0, 0, 0, 0, 0
clothing_store, 28, 6, 9, 1, 8, 62, 14, 6, 26, 90, 67, 15, 6, 1, 27, -78, -89, -34, -92, -30, 4, 8251, 40497, 0, 0, 0, 0, 0, 0, 0, 0, 8, 0, 0, 0, 0, 0, 0, 0, 0, 0, 0, 0, 0, 0, 0