label, device_count, lost_devices, new_devices, different_services, services_count, txpower_count, tx_power_avg, min_txpower, max_txpower, man_packet_len_count, manufacturer_data_lengths_sum, manufacturer_data_len_avg, avg_received, min_received, max_received, avg_avg_rssi, min_avg_rssi, max_avg_rssi, min_rssi, max_rssi, avg_rssi_difference, avg_avg_difference_between_beacons, avg_difference_first_last, 0af0, 1802, 180f, 1812, 1826, 2222, ec88, fd5a, fd6f, fdd2, fddf, fe03, fe07, fe0f, fe61, fe9f, fea0, feb9, febe, fee0, ff0d, ffc0, ffe0
clothing_store, 21, 4, 4, 2, 7, 51, 10, 6, 26, 83, 59, 17, 8, 1, 22, -77, -89, -45, -90, -41, 7, 8739, 61291, 0, 0, 0, 0, 0, 0, 0, 0, 6, 0, 0, 0, 0, 0, 0, 0, 0, 0, 0, 0, 0, 0, 0
clothing_store, 21, 5, 4, 2, 6, 49, 9, 6, 24, 81, 59, 17, 7, 1, 20, -78, -89, -45, -91, -41, 5, 10994, 54343, 0, 0, 0, 0, 0, 0, 0, 0, 5, 0, 0, 0, 0, 0, 0, 0, 0, 0, 0, 0, 0, 0, 0
clothing_store, 22, 12, 2, 2, 8, 58, 9, 6, 12, 89, 59, 16, 7, 1, 18, -78, -91, -48, -91, -44, 6, 9723, 56642, 0, 0, 0, 0, 0, 0, 0, 0, 7, 0, 0, 0, 0, 0, 0, 0, 0, 0, 0, 0, 0, 0, 0
clothing_store, 32, 3, 5, 2, 10, 72, 10, 6, 26, 101, 59, 15, 6, 1, 19, -80, -91, -47, -91, -42, 5, 10093, 44417, 0, 0, 0, 0, 0, 0, 0, 0, 9, 0, 0, 0, 0, 0, 0, 0, 0, 0, 0, 0, 0, 0, 0
clothing_store, 30, 3, 4, 2, 9, 63, 11, 6, 26, 95, 59, 16, 5, 1, 22, -80, -90, -48, -91, -45, 4, 10242, 41207, 0, 0, 0, 0, 0, 0, 0, 0, 8, 0, 0, 0, 0, 0, 0, 0, 0, 0, 0, 0, 0, 0, 0