label, device_count, lost_devices, new_devices, different_services, services_count, txpower_count, tx_power_avg, min_txpower, max_txpower, man_packet_len_count, manufacturer_data_lengths_sum, manufacturer_data_len_avg, avg_received, min_received, max_received, avg_avg_rssi, min_avg_rssi, max_avg_rssi, min_rssi, max_rssi, avg_rssi_difference, avg_avg_difference_between_beacons, avg_difference_first_last, 0af0, 1802, 180f, 1812, 1826, 2222, ec88, fd5a, fd6f, fdd2, fddf, fe03, fe07, fe0f, fe61, fe9f, fea0, feb9, febe, fee0, ff0d, ffc0, ffe0
clothing_store, 24, 1, 4, 3, 9, 68, 11, 6, 26, 100, 59, 16, 8, 1, 21, -75, -90, -45, -90, -41, 7, 8926, 56590, 0, 0, 0, 0, 0, 0, 0, 0, 7, 0, 0, 1, 0, 0, 0, 0, 0, 0, 0, 0, 0, 0, 0
clothing_store, 21, 4, 3, 3, 8, 70, 10, 6, 26, 95, 59, 15, 10, 1, 24, -75, -89, -47, -90, -45, 6, 10375, 64136, 0, 0, 0, 0, 0, 0, 0, 0, 6, 0, 0, 1, 0, 0, 0, 0, 0, 0, 0, 0, 0, 0, 0
clothing_store, 22, 6, 2, 3, 8, 105, 16, 6, 26, 136, 73, 15, 11, 1, 75, -76, -90, -47, -90, -42, 6, 11351, 57007, 0, 0, 0, 0, 0, 0, 0, 0, 6, 0, 0, 1, 0, 0, 0, 0, 0, 0, 0, 0, 0, 0, 0
clothing_store, 26, 7, 4, 3, 8, 74, 11, 6, 26, 103, 73, 15, 7, 1, 19, -78, -88, -46, -90, -43, 7, 11064, 52826, 0, 0, 0, 0, 0, 0, 0, 0, 6, 0, 0, 1, 0, 0, 0, 0, 0, 0, 0, 0, 0, 0, 0
clothing_store, 29, 3, 5, 2, 11, 72, 10, 6, 26, 101, 59, 15, 6, 1, 19, -80, -90, -45, -91, -43, 4, 12258, 58242, 0, 0, 0, 0, 0, 0, 0, 0, 10, 0, 0, 0, 0, 0, 0, 0, 0, 0, 0, 0, 0, 0, 0