label, device_count, lost_devices, new_devices, different_services, services_count, txpower_count, tx_power_avg, min_txpower, max_txpower, man_packet_len_count, manufacturer_data_lengths_sum, manufacturer_data_len_avg, avg_received, min_received, max_received, avg_avg_rssi, min_avg_rssi, max_avg_rssi, min_rssi, max_rssi, avg_rssi_difference, avg_avg_difference_between_beacons, avg_difference_first_last, 0af0, 1802, 180f, 1812, 1826, 2222, ec88, fd5a, fd6f, fdd2, fddf, fe03, fe07, fe0f, fe61, fe9f, fea0, feb9, febe, fee0, ff0d, ffc0, ffe0
supermarket, 16, 1, 3, 2, 5, 50, 12, 8, 26, 60, 36, 9, 8, 1, 19, -76, -87, -47, -91, -42, 7, 10861, 58748, 0, 0, 0, 0, 0, 0, 0, 0, 4, 0, 0, 1, 0, 0, 0, 0, 0, 0, 0, 0, 0, 0, 0
supermarket, 14, 1, 3, 2, 4, 34, 11, 8, 26, 40, 36, 9, 6, 1, 18, -78, -92, -45, -92, -44, 6, 10110, 48562, 0, 0, 0, 0, 0, 0, 0, 0, 3, 0, 0, 1, 0, 0, 0, 0, 0, 0, 0, 0, 0, 0, 0
supermarket, 12, 1, 2, 2, 4, 36, 11, 8, 26, 37, 36, 10, 7, 1, 22, -77, -89, -46, -89, -43, 7, 8676, 57951, 0, 0, 0, 0, 0, 0, 0, 0, 3, 0, 0, 1, 0, 0, 0, 0, 0, 0, 0, 0, 0, 0, 0
supermarket, 11, 3, 0, 2, 5, 51, 11, 8, 26, 51, 30, 10, 11, 1, 21, -73, -85, -48, -91, -43, 11, 6829, 67396, 0, 0, 0, 0, 0, 0, 0, 0, 4, 0, 0, 1, 0, 0, 0, 0, 0, 0, 0, 0, 0, 0, 0
supermarket, 14, 3, 1, 2, 6, 46, 12, 8, 26, 48, 55, 10, 8, 1, 18, -76, -87, -49, -89, -42, 8, 8276, 59418, 0, 0, 0, 0, 0, 0, 0, 0, 5, 0, 0, 1, 0, 0, 0, 0, 0, 0, 0, 0, 0, 0, 0