label, device_count, lost_devices, new_devices, different_services, services_count, txpower_count, tx_power_avg, min_txpower, max_txpower, man_packet_len_count, manufacturer_data_lengths_sum, manufacturer_data_len_avg, avg_received, min_received, max_received, avg_avg_rssi, min_avg_rssi, max_avg_rssi, min_rssi, max_rssi, avg_rssi_difference, avg_avg_difference_between_beacons, avg_difference_first_last, 0af0, 1802, 180f, 1812, 1826, 2222, ec88, fd5a, fd6f, fdd2, fddf, fe03, fe07, fe0f, fe61, fe9f, fea0, feb9, febe, fee0, ff0d, ffc0, ffe0
supermarket, 14, 3, 0, 2, 4, 38, 11, 8, 26, 48, 36, 9, 7, 1, 25, -78, -89, -49, -89, -43, 7, 12083, 55608, 0, 0, 0, 0, 0, 0, 0, 0, 3, 0, 0, 1, 0, 0, 0, 0, 0, 0, 0, 0, 0, 0, 0
supermarket, 17, 0, 4, 2, 5, 36, 10, 8, 26, 50, 36, 9, 6, 1, 22, -79, -89, -47, -91, -43, 7, 14912, 60350, 0, 0, 0, 0, 0, 0, 0, 0, 4, 0, 0, 1, 0, 0, 0, 0, 0, 0, 0, 0, 0, 0, 0
supermarket, 13, 4, 1, 2, 5, 48, 13, 8, 26, 54, 36, 9, 9, 2, 21, -75, -88, -46, -91, -44, 7, 7499, 64328, 0, 0, 0, 0, 0, 0, 0, 0, 4, 0, 0, 1, 0, 0, 0, 0, 0, 0, 0, 0, 0, 0, 0
supermarket, 16, 1, 2, 2, 4, 37, 10, 8, 26, 51, 36, 9, 7, 1, 22, -78, -91, -46, -93, -42, 7, 7189, 45157, 0, 0, 0, 0, 0, 0, 0, 0, 3, 0, 0, 1, 0, 0, 0, 0, 0, 0, 0, 0, 0, 0, 0
supermarket, 15, 0, 0, 2, 4, 36, 9, 8, 26, 49, 36, 9, 7, 1, 22, -78, -88, -46, -90, -43, 5, 11766, 55411, 0, 0, 0, 0, 0, 0, 0, 0, 3, 0, 0, 1, 0, 0, 0, 0, 0, 0, 0, 0, 0, 0, 0