label, device_count, lost_devices, new_devices, different_services, services_count, txpower_count, tx_power_avg, min_txpower, max_txpower, man_packet_len_count, manufacturer_data_lengths_sum, manufacturer_data_len_avg, avg_received, min_received, max_received, avg_avg_rssi, min_avg_rssi, max_avg_rssi, min_rssi, max_rssi, avg_rssi_difference, avg_avg_difference_between_beacons, avg_difference_first_last, 0af0, 1802, 180f, 1812, 1826, 2222, ec88, fd5a, fd6f, fdd2, fddf, fe03, fe07, fe0f, fe61, fe9f, fea0, feb9, febe, fee0, ff0d, ffc0, ffe0
supermarket, 15, 3, 1, 1, 6, 52, 13, 8, 26, 53, 55, 10, 9, 2, 22, -75, -88, -50, -92, -40, 10, 12038, 67786, 0, 0, 0, 0, 0, 0, 0, 0, 6, 0, 0, 0, 0, 0, 0, 0, 0, 0, 0, 0, 0, 0, 0
supermarket, 17, 1, 2, 2, 8, 62, 13, 8, 26, 63, 36, 9, 9, 1, 23, -77, -94, -51, -94, -45, 10, 9272, 60141, 0, 0, 0, 0, 0, 0, 0, 0, 7, 0, 0, 1, 0, 0, 0, 0, 0, 0, 0, 0, 0, 0, 0
supermarket, 16, 6, 2, 2, 8, 55, 13, 8, 26, 57, 30, 9, 9, 3, 20, -76, -88, -52, -90, -45, 9, 12856, 69782, 0, 0, 0, 0, 0, 0, 0, 0, 7, 0, 0, 1, 0, 0, 0, 0, 0, 0, 0, 0, 0, 0, 0
supermarket, 20, 3, 6, 2, 7, 49, 12, 8, 26, 60, 36, 9, 6, 1, 21, -79, -90, -48, -90, -44, 7, 11950, 56490, 0, 0, 0, 0, 0, 0, 0, 0, 6, 0, 0, 1, 0, 0, 0, 0, 0, 0, 0, 0, 0, 0, 0
supermarket, 17, 4, 3, 3, 6, 42, 12, 8, 26, 46, 61, 9, 10, 1, 68, -80, -90, -48, -90, -44, 5, 8150, 54127, 0, 0, 0, 0, 0, 0, 0, 0, 4, 0, 0, 1, 0, 0, 0, 0, 0, 0, 0, 0, 0, 0, 0