label, device_count, lost_devices, new_devices, different_services, services_count, txpower_count, tx_power_avg, min_txpower, max_txpower, man_packet_len_count, manufacturer_data_lengths_sum, manufacturer_data_len_avg, avg_received, min_received, max_received, avg_avg_rssi, min_avg_rssi, max_avg_rssi, min_rssi, max_rssi, avg_rssi_difference, avg_avg_difference_between_beacons, avg_difference_first_last, 0af0, 1802, 180f, 1812, 1826, 2222, ec88, fd5a, fd6f, fdd2, fddf, fe03, fe07, fe0f, fe61, fe9f, fea0, feb9, febe, fee0, ff0d, ffc0, ffe0
supermarket, 12, 4, 3, 2, 5, 32, 9, 8, 12, 35, 36, 9, 8, 1, 22, -75, -88, -50, -92, -43, 7, 7653, 57618, 0, 0, 0, 0, 0, 0, 0, 0, 4, 0, 0, 1, 0, 0, 0, 0, 0, 0, 0, 0, 0, 0, 0
supermarket, 13, 4, 1, 1, 4, 42, 10, 8, 26, 45, 81, 10, 8, 1, 18, -77, -91, -50, -91, -43, 8, 5773, 51947, 0, 0, 0, 0, 0, 0, 0, 0, 4, 0, 0, 0, 0, 0, 0, 0, 0, 0, 0, 0, 0, 0, 0
supermarket, 16, 0, 1, 2, 7, 52, 12, 8, 26, 55, 55, 10, 8, 2, 22, -77, -86, -50, -91, -44, 9, 9160, 61828, 0, 0, 0, 0, 0, 0, 0, 0, 6, 0, 0, 1, 0, 0, 0, 0, 0, 0, 0, 0, 0, 0, 0
supermarket, 15, 3, 1, 1, 6, 52, 13, 8, 26, 53, 55, 10, 9, 2, 22, -75, -88, -50, -92, -40, 10, 12038, 67786, 0, 0, 0, 0, 0, 0, 0, 0, 6, 0, 0, 0, 0, 0, 0, 0, 0, 0, 0, 0, 0, 0, 0
supermarket, 17, 1, 2, 2, 8, 62, 13, 8, 26, 63, 36, 9, 9, 1, 23, -77, -94, -51, -94, -45, 10, 9272, 60141, 0, 0, 0, 0, 0, 0, 0, 0, 7, 0, 0, 1, 0, 0, 0, 0, 0, 0, 0, 0, 0, 0, 0