label, device_count, lost_devices, new_devices, different_services, services_count, txpower_count, tx_power_avg, min_txpower, max_txpower, man_packet_len_count, manufacturer_data_lengths_sum, manufacturer_data_len_avg, avg_received, min_received, max_received, avg_avg_rssi, min_avg_rssi, max_avg_rssi, min_rssi, max_rssi, avg_rssi_difference, avg_avg_difference_between_beacons, avg_difference_first_last, 0af0, 1802, 180f, 1812, 1826, 2222, ec88, fd5a, fd6f, fdd2, fddf, fe03, fe07, fe0f, fe61, fe9f, fea0, feb9, febe, fee0, ff0d, ffc0, ffe0
supermarket, 15, 1, 2, 2, 4, 44, 10, 8, 12, 50, 36, 9, 7, 1, 20, -78, -90, -49, -90, -44, 7, 8545, 57827, 0, 0, 0, 0, 0, 0, 0, 0, 3, 0, 0, 1, 0, 0, 0, 0, 0, 0, 0, 0, 0, 0, 0
supermarket, 14, 1, 5, 2, 5, 22, 9, 8, 12, 25, 36, 9, 4, 1, 20, -78, -90, -44, -91, -40, 4, 17226, 46183, 0, 0, 0, 0, 0, 0, 0, 0, 4, 0, 0, 1, 0, 0, 0, 0, 0, 0, 0, 0, 0, 0, 0
supermarket, 10, 1, 4, 2, 6, 21, 9, 8, 12, 22, 30, 10, 6, 1, 21, -78, -90, -49, -90, -44, 6, 11076, 46382, 0, 0, 0, 0, 0, 0, 0, 0, 5, 0, 0, 1, 0, 0, 0, 0, 0, 0, 0, 0, 0, 0, 0
supermarket, 7, 3, 2, 1, 3, 20, 9, 8, 12, 20, 30, 10, 7, 1, 21, -76, -90, -53, -91, -51, 5, 7371, 51146, 0, 0, 0, 0, 0, 0, 0, 0, 3, 0, 0, 0, 0, 0, 0, 0, 0, 0, 0, 0, 0, 0, 0
supermarket, 8, 7, 0, 1, 2, 25, 10, 8, 12, 29, 36, 9, 8, 1, 20, -75, -90, -51, -90, -46, 6, 5311, 47143, 0, 0, 0, 0, 0, 0, 0, 0, 2, 0, 0, 0, 0, 0, 0, 0, 0, 0, 0, 0, 0, 0, 0