label, device_count, lost_devices, new_devices, different_services, services_count, txpower_count, tx_power_avg, min_txpower, max_txpower, man_packet_len_count, manufacturer_data_lengths_sum, manufacturer_data_len_avg, avg_received, min_received, max_received, avg_avg_rssi, min_avg_rssi, max_avg_rssi, min_rssi, max_rssi, avg_rssi_difference, avg_avg_difference_between_beacons, avg_difference_first_last, 0af0, 1802, 180f, 1812, 1826, 2222, ec88, fd5a, fd6f, fdd2, fddf, fe03, fe07, fe0f, fe61, fe9f, fea0, feb9, febe, fee0, ff0d, ffc0, ffe0
supermarket, 5, 1, 1, 1, 3, 11, 8, 8, 8, 24, 40, 20, 10, 1, 21, -66, -89, -35, -89, -33, 4, 7104, 62462, 0, 0, 0, 0, 0, 0, 0, 0, 3, 0, 0, 0, 0, 0, 0, 0, 0, 0, 0, 0, 0, 0, 0
supermarket, 5, 0, 1, 2, 3, 11, 8, 8, 8, 22, 48, 19, 9, 2, 20, -65, -86, -34, -89, -31, 6, 9711, 66852, 0, 0, 0, 0, 0, 0, 0, 0, 2, 0, 0, 0, 0, 0, 0, 0, 0, 0, 0, 0, 0, 0, 0
supermarket, 4, 1, 1, 2, 2, 9, 8, 8, 8, 11, 40, 14, 7, 1, 18, -64, -88, -41, -88, -35, 5, 12357, 51542, 0, 0, 0, 0, 0, 0, 0, 0, 1, 0, 0, 0, 0, 0, 0, 0, 0, 0, 0, 0, 0, 0, 0
supermarket, 4, 1, 1, 2, 3, 9, 8, 8, 8, 11, 19, 10, 10, 4, 18, -63, -86, -42, -88, -38, 7, 11588, 76203, 0, 0, 0, 0, 0, 0, 0, 0, 2, 0, 0, 0, 0, 0, 0, 0, 0, 0, 0, 0, 0, 0, 0
supermarket, 4, 0, 0, 1, 2, 10, 8, 8, 8, 19, 40, 19, 13, 9, 20, -62, -87, -40, -89, -37, 8, 7177, 81347, 0, 0, 0, 0, 0, 0, 0, 0, 2, 0, 0, 0, 0, 0, 0, 0, 0, 0, 0, 0, 0, 0, 0