label, device_count, lost_devices, new_devices, different_services, services_count, txpower_count, tx_power_avg, min_txpower, max_txpower, man_packet_len_count, manufacturer_data_lengths_sum, manufacturer_data_len_avg, avg_received, min_received, max_received, avg_avg_rssi, min_avg_rssi, max_avg_rssi, min_rssi, max_rssi, avg_rssi_difference, avg_avg_difference_between_beacons, avg_difference_first_last, 0af0, 1802, 180f, 1812, 1826, 2222, ec88, fd5a, fd6f, fdd2, fddf, fe03, fe07, fe0f, fe61, fe9f, fea0, feb9, febe, fee0, ff0d, ffc0, ffe0
supermarket, 6, 0, 2, 1, 2, 12, 8, 8, 12, 17, 50, 16, 8, 1, 21, -71, -88, -42, -90, -36, 8, 10364, 51968, 0, 0, 0, 0, 0, 0, 0, 0, 2, 0, 0, 0, 0, 0, 0, 0, 0, 0, 0, 0, 0, 0, 0
supermarket, 4, 0, 0, 1, 2, 12, 8, 8, 8, 29, 40, 21, 18, 11, 24, -58, -85, -37, -89, -28, 15, 5688, 89375, 0, 0, 0, 0, 0, 0, 0, 0, 2, 0, 0, 0, 0, 0, 0, 0, 0, 0, 0, 0, 0, 0, 0
supermarket, 4, 0, 0, 1, 2, 8, 8, 8, 8, 30, 40, 24, 17, 10, 22, -55, -81, -33, -87, -28, 10, 6021, 86611, 0, 0, 0, 0, 0, 0, 0, 0, 2, 0, 0, 0, 0, 0, 0, 0, 0, 0, 0, 0, 0, 0, 0
supermarket, 4, 1, 0, 1, 2, 9, 8, 8, 8, 29, 40, 23, 17, 11, 20, -55, -76, -36, -84, -30, 12, 5790, 87387, 0, 0, 0, 0, 0, 0, 0, 0, 2, 0, 0, 0, 0, 0, 0, 0, 0, 0, 0, 0, 0, 0, 0
supermarket, 5, 0, 0, 1, 2, 12, 8, 8, 8, 45, 40, 24, 15, 7, 26, -60, -86, -33, -90, -31, 10, 7297, 84540, 0, 0, 0, 0, 0, 0, 0, 0, 2, 0, 0, 0, 0, 0, 0, 0, 0, 0, 0, 0, 0, 0, 0