label, device_count, lost_devices, new_devices, different_services, services_count, txpower_count, tx_power_avg, min_txpower, max_txpower, man_packet_len_count, manufacturer_data_lengths_sum, manufacturer_data_len_avg, avg_received, min_received, max_received, avg_avg_rssi, min_avg_rssi, max_avg_rssi, min_rssi, max_rssi, avg_rssi_difference, avg_avg_difference_between_beacons, avg_difference_first_last, 0af0, 1802, 180f, 1812, 1826, 2222, ec88, fd5a, fd6f, fdd2, fddf, fe03, fe07, fe0f, fe61, fe9f, fea0, feb9, febe, fee0, ff0d, ffc0, ffe0
supermarket, 4, 1, 1, 1, 1, 10, 8, 8, 8, 18, 40, 19, 9, 1, 20, -64, -88, -42, -88, -38, 3, 6473, 59503, 0, 0, 0, 0, 0, 0, 0, 0, 1, 0, 0, 0, 0, 0, 0, 0, 0, 0, 0, 0, 0, 0, 0
supermarket, 4, 2, 2, 1, 2, 11, 8, 8, 8, 18, 40, 18, 10, 4, 21, -63, -85, -42, -87, -37, 6, 9845, 75171, 0, 0, 0, 0, 0, 0, 0, 0, 2, 0, 0, 0, 0, 0, 0, 0, 0, 0, 0, 0, 0, 0, 0
supermarket, 4, 2, 1, 1, 1, 14, 8, 8, 12, 17, 50, 14, 9, 3, 21, -64, -87, -40, -89, -35, 7, 9465, 57243, 0, 0, 0, 0, 0, 0, 0, 0, 1, 0, 0, 0, 0, 0, 0, 0, 0, 0, 0, 0, 0, 0, 0
supermarket, 5, 1, 1, 1, 1, 12, 12, 8, 24, 20, 49, 17, 8, 3, 18, -68, -86, -42, -90, -38, 8, 15476, 71803, 0, 0, 0, 0, 0, 0, 0, 0, 1, 0, 0, 0, 0, 0, 0, 0, 0, 0, 0, 0, 0, 0, 0
supermarket, 5, 1, 1, 1, 1, 13, 8, 8, 12, 24, 50, 19, 8, 3, 20, -69, -88, -44, -89, -42, 4, 9210, 61730, 0, 0, 0, 0, 0, 0, 0, 0, 1, 0, 0, 0, 0, 0, 0, 0, 0, 0, 0, 0, 0, 0, 0