label, device_count, lost_devices, new_devices, different_services, services_count, txpower_count, tx_power_avg, min_txpower, max_txpower, man_packet_len_count, manufacturer_data_lengths_sum, manufacturer_data_len_avg, avg_received, min_received, max_received, avg_avg_rssi, min_avg_rssi, max_avg_rssi, min_rssi, max_rssi, avg_rssi_difference, avg_avg_difference_between_beacons, avg_difference_first_last, 0af0, 1802, 180f, 1812, 1826, 2222, ec88, fd5a, fd6f, fdd2, fddf, fe03, fe07, fe0f, fe61, fe9f, fea0, feb9, febe, fee0, ff0d, ffc0, ffe0
clothing_store, 34, 0, 5, 2, 11, 81, 11, 6, 26, 203, 89, 8, 6, 1, 100, -77, -88, -36, -91, -32, 8, 10885, 56197, 0, 0, 0, 0, 0, 0, 0, 0, 9, 0, 0, 0, 0, 0, 0, 0, 0, 0, 0, 0, 0, 0, 0
clothing_store, 29, 4, 2, 2, 9, 74, 11, 6, 26, 197, 89, 8, 6, 1, 100, -78, -89, -38, -91, -32, 8, 9670, 49263, 0, 0, 0, 0, 0, 0, 0, 0, 8, 0, 0, 0, 0, 0, 0, 0, 0, 0, 0, 0, 0, 0, 0
clothing_store, 31, 3, 2, 2, 10, 84, 11, 6, 26, 170, 89, 9, 12, 1, 88, -78, -89, -40, -92, -31, 9, 11324, 56289, 0, 0, 0, 0, 0, 0, 0, 0, 9, 0, 0, 0, 0, 0, 0, 0, 0, 0, 0, 0, 0, 0, 0
clothing_store, 32, 2, 4, 2, 10, 90, 12, 6, 26, 144, 89, 10, 10, 1, 62, -78, -90, -35, -93, -30, 7, 12137, 62585, 0, 0, 0, 0, 0, 0, 0, 0, 9, 0, 0, 0, 0, 0, 0, 0, 0, 0, 0, 0, 0, 0, 0
clothing_store, 30, 0, 5, 2, 9, 81, 12, 6, 26, 138, 89, 11, 10, 1, 59, -78, -89, -34, -92, -31, 6, 12396, 55161, 0, 0, 0, 0, 0, 0, 0, 0, 7, 0, 0, 0, 0, 0, 0, 0, 0, 0, 0, 0, 0, 0, 0